date;1_day;1_week;2_week;1_month;2_month;3_month;6_month
01.03.2022;20,88;21,38;21,63;22,65;23,5;24,05;24,63
28.02.2022;20,39;20,96;21,01;20,96;22,44;23,48;24,52
25.02.2022;9,81;10,16;10,31;10,46;11,1;11,66;12,31
24.02.2022;9,93;10,21;10,33;10,45;10,8;11,35;11,83
22.02.2022;9,68;9,82;9,9;10,11;10,5;10,97;11,23
21.02.2022;9,62;9,74;9,83;10,04;10,37;10,67;10,83
18.02.2022;9,65;9,76;9,85;10;10,31;10,64;10,81
17.02.2022;9,59;9,73;9,83;10,02;10,3;10,6;10,77
16.02.2022;9,57;9,72;9,8;9,98;10,26;10,51;10,69
15.02.2022;9,54;9,73;9,81;10,01;10,29;10,51;10,7
14.02.2022;9,46;9,65;9,7;9,9;10,16;10,43;10,64
11.02.2022;8,98;9,25;9,31;9,57;10,03;10,3;10,43
10.02.2022;8,75;8,94;9,07;9,38;9,98;10,25;10,4
09.02.2022;8,72;8,93;9,03;9,33;9,94;10,23;10,38
08.02.2022;8,52;8,78;8,91;9,24;9,82;10,18;10,28
07.02.2022;8,37;8,7;8,88;9,15;9,77;10,15;10,24
04.02.2022;8,48;8,7;8,87;9,13;9,75;10,15;10,24
03.02.2022;8,5;8,72;8,83;9,11;9,68;10,12;10,23
02.02.2022;8,45;8,75;8,83;9,12;9,67;10,08;10,21
01.02.2022;8,53;8,78;8,84;9,09;9,56;9,91;10,06
31.01.2022;8,58;8,77;8,84;9,08;9,53;9,91;10,05
28.01.2022;8,57;8,76;8,85;9,09;9,57;9,97;10,08
27.01.2022;8,65;8,8;8,87;9,13;9,63;10,08;10,2
26.01.2022;8,63;8,79;8,86;9,12;9,59;10,05;10,18
25.01.2022;8,57;8,78;8,86;9,11;9,58;10,04;10,17
24.01.2022;8,57;8,77;8,85;9,09;9,55;10;10,12
21.01.2022;8,53;8,73;8,84;9,08;9,52;9,93;10,03
20.01.2022;8,52;8,69;8,83;9,04;9,45;9,82;9,88
19.01.2022;8,48;8,69;8,78;9,02;9,42;9,64;9,77
18.01.2022;8,53;8,72;8,79;9,03;9,38;9,54;9,68
17.01.2022;8,5;8,65;8,78;9,03;9,35;9,52;9,66
14.01.2022;8,5;8,63;8,74;9,02;9,33;9,55;9,66
13.01.2022;8,48;8,63;8,75;9,01;9,32;9,47;9,62
12.01.2022;8,52;8,66;8,78;9,02;9,33;9,47;9,65
11.01.2022;8,5;8,68;8,79;9,02;9,33;9,49;9,66
10.01.2022;8,49;8,67;8,76;9,03;9,32;9,49;9,65
30.12.2021;—;8,43;8,63;9,01;9,33;9,5;9,66
29.12.2021;8,55;8,73;8,79;9,02;9,35;9,51;9,67
28.12.2021;8,48;8,72;8,81;9,04;9,35;9,5;9,66
27.12.2021;8,48;8,73;8,87;9,05;9,36;9,53;9,68
24.12.2021;8,39;8,69;8,83;9,04;9,33;9,52;9,65
23.12.2021;8,13;8,65;8,8;9,04;9,32;9,51;9,63
22.12.2021;8,33;8,68;8,77;9,01;9,28;9,44;9,56
21.12.2021;8,26;8,67;8,77;9;9,23;9,38;9,52
20.12.2021;8,39;8,59;8,69;9;9,18;9,34;9,48
17.12.2021;7,69;7,9;8,09;8,85;9,04;9,18;9,29
16.12.2021;7,68;7,89;8,03;8,81;9,03;9,16;9,28
15.12.2021;7,67;7,88;8,02;8,78;9,03;9,15;9,27
14.12.2021;7,65;7,82;7,99;8,73;9,02;9,14;9,25
13.12.2021;7,69;7,81;7,99;8,64;8,99;9,15;9,28
10.12.2021;7,69;7,82;7,98;8,63;8,94;9,16;9,27
09.12.2021;7,72;7,83;8;8,55;8,91;9,16;9,27
08.12.2021;7,68;7,83;7,98;8,53;8,88;9,14;9,27
07.12.2021;7,51;7,72;7,91;8,52;8,86;9,13;9,24
06.12.2021;7,59;7,71;7,88;8,53;8,81;9,09;9,22
03.12.2021;7,47;7,68;7,83;8,47;8,77;9,05;9,19
02.12.2021;7,33;7,66;7,8;8,34;8,73;9,04;9,18
01.12.2021;7,58;7,72;7,85;8,24;8,64;9,01;9,13
30.11.2021;7,65;7,78;7,88;8,15;8,56;8,93;9,05
29.11.2021;7,64;7,8;7,87;8,08;8,51;8,78;8,91
26.11.2021;7,65;7,8;7,86;8,08;8,48;8,77;8,89
25.11.2021;7,67;7,8;7,86;8,05;8,38;8,68;8,82
24.11.2021;7,6;7,79;7,85;8,03;8,32;8,58;8,75
23.11.2021;7,58;7,8;7,85;8,03;8,3;8,57;8,73
22.11.2021;7,62;7,78;7,83;7,99;8,24;8,51;8,65
19.11.2021;7,61;7,75;7,8;7,99;8,25;8,52;8,66
18.11.2021;7,65;7,76;7,8;8;8,26;8,52;8,67
17.11.2021;7,62;7,72;7,78;7,99;8,24;8,48;8,63
16.11.2021;7,63;7,69;7,77;8;8,23;8,49;8,68
15.11.2021;7,58;7,68;7,77;7,99;8,22;8,48;8,63
12.11.2021;7,56;7,68;7,76;7,99;8,23;8,48;8,64
11.11.2021;7,57;7,69;7,76;8;8,24;8,48;8,66
10.11.2021;7,57;7,73;7,79;8;8,23;8,49;8,68
09.11.2021;7,51;7,75;7,81;8;8,22;8,47;8,67
08.11.2021;7,57;7,72;7,79;8,01;8,21;8,46;8,63
03.11.2021;7,41;7,69;7,78;8,02;8,22;8,48;8,68
02.11.2021;7,23;7,68;7,76;8,01;8,22;8,48;8,68
01.11.2021;7,45;7,7;7,78;8,01;8,21;8,48;8,65
29.10.2021;7,6;7,73;7,79;8,01;8,19;8,47;8,61
28.10.2021;7,59;7,73;7,79;8;8,19;8,47;8,61
27.10.2021;7,58;7,73;7,79;8,01;8,19;8,46;8,63
26.10.2021;7,64;7,76;7,8;8,01;8,19;8,44;8,63
25.10.2021;7,62;7,71;7,73;7,93;8,09;8,33;8,54
22.10.2021;7,2;7,28;7,32;7,48;7,68;7,88;7,96
21.10.2021;7,17;7,25;7,28;7,46;7,63;7,83;7,88
20.10.2021;7,14;7,2;7,23;7,43;7,63;7,81;7,86
19.10.2021;7,12;7,17;7,21;7,4;7,64;7,8;7,86
18.10.2021;7,14;7,18;7,22;7,4;7,64;7,78;7,84
15.10.2021;7,06;7,13;7,21;7,39;7,64;7,78;7,83
14.10.2021;6,93;7,05;7,17;7,38;7,63;7,77;7,82
13.10.2021;6,88;6,98;7,13;7,33;7,58;7,73;7,77
12.10.2021;6,81;6,98;7,11;7,32;7,57;7,7;7,74
11.10.2021;6,8;6,96;7,12;7,31;7,54;7,67;7,71
08.10.2021;6,73;6,93;7,08;7,3;7,54;7,65;7,7
07.10.2021;6,76;6,93;7,09;7,29;7,52;7,63;7,68
06.10.2021;6,77;6,95;7,09;7,24;7,44;7,55;7,58
05.10.2021;6,85;7;7,1;7,24;7,44;7,56;7,6
04.10.2021;6,95;7,02;7,12;7,26;7,44;7,55;7,59
01.10.2021;6,94;7,03;7,14;7,28;7,43;7,57;7,6
30.09.2021;7;7,05;7,15;7,28;7,39;7,55;7,58
29.09.2021;7,02;7,06;7,15;7,27;7,37;7,51;7,58
28.09.2021;7,02;7,06;7,13;7,25;7,33;7,48;7,58
27.09.2021;6,97;7,05;7,12;7,23;7,32;7,47;7,58
24.09.2021;6,93;7,03;7,09;7,23;7,32;7,47;7,58
23.09.2021;6,95;7,05;7,12;7,23;7,32;7,47;7,59
22.09.2021;6,95;7,03;7,11;7,23;7,33;7,46;7,58
21.09.2021;6,96;7,02;7,12;7,24;7,34;7,45;7,56
20.09.2021;6,97;7,03;7,12;7,21;7,33;7,45;7,57
17.09.2021;6,96;7,03;7,12;7,21;7,32;7,45;7,57
16.09.2021;6,96;7,03;7,12;7,19;7,3;7,46;7,56
15.09.2021;6,98;7,05;7,13;7,2;7,3;7,46;7,56
14.09.2021;6,97;7,08;7,16;7,22;7,32;7,46;7,56
13.09.2021;7;7,13;7,18;7,22;7,32;7,47;7,53
10.09.2021;6,94;7,03;7,06;7,16;7,28;7,43;7,47
09.09.2021;6,79;6,86;6,91;7,04;7,18;7,35;7,42
08.09.2021;6,7;6,82;6,87;7;7,15;7,31;7,38
07.09.2021;6,63;6,74;6,81;6,92;7,08;7,28;7,35
06.09.2021;6,56;6,69;6,8;6,91;7,07;7,27;7,33
03.09.2021;6,49;6,65;6,79;6,87;7,03;7,26;7,33
02.09.2021;6,43;6,67;6,81;6,88;7,03;7,23;7,32
01.09.2021;6,57;6,73;6,82;6,88;7,03;7,23;7,32
31.08.2021;6,7;6,76;6,82;6,88;7,03;7,23;7,32
30.08.2021;6,7;6,76;6,82;6,88;7,04;7,23;7,32
27.08.2021;6,69;6,76;6,79;6,88;7,04;7,23;7,32
26.08.2021;6,68;6,74;6,79;6,88;7,03;7,23;7,32
25.08.2021;6,68;6,74;6,79;6,86;7,03;7,23;7,32
24.08.2021;6,68;6,74;6,79;6,86;7,03;7,23;7,32
23.08.2021;6,68;6,74;6,79;6,86;7,03;7,23;7,32
20.08.2021;6,67;6,73;6,79;6,86;7,03;7,23;7,33
19.08.2021;6,69;6,75;6,78;6,86;7,03;7,23;7,33
18.08.2021;6,7;6,76;6,77;6,87;7,03;7,23;7,32
17.08.2021;6,72;6,74;6,74;6,88;7,02;7,2;7,3
16.08.2021;6,54;6,63;6,68;6,86;7,01;7,21;7,3
13.08.2021;6,53;6,64;6,67;6,86;7,01;7,21;7,3
12.08.2021;6,48;6,62;6,68;6,87;7,01;7,2;7,29
11.08.2021;6,49;6,62;6,72;6,88;7,02;7,19;7,28
10.08.2021;6,48;6,64;6,73;6,86;7,01;7,21;7,3
09.08.2021;6,41;6,62;6,71;6,87;7,01;7,21;7,3
06.08.2021;6,32;6,58;6,72;6,88;7,01;7,21;7,3
05.08.2021;6,08;6,51;6,72;6,88;7,01;7,21;7,3
04.08.2021;6,11;6,59;6,73;6,88;7,01;7,2;7,3
03.08.2021;6,17;6,63;6,75;6,88;7,01;7,2;7,3
02.08.2021;6,59;6,78;6,88;6,93;7,03;7,2;7,31
30.07.2021;7,02;7;6,98;6,98;7,04;7,2;7,31
29.07.2021;7,19;7,15;6,91;6,93;7,03;7,19;7,31
28.07.2021;6,53;6,63;6,71;6,77;6,93;7,14;7,29
27.07.2021;6,43;6,58;6,64;6,75;6,93;7,16;7,3
26.07.2021;6,4;6,54;6,63;6,72;6,91;7,13;7,24
23.07.2021;5,97;6,13;6,24;6,33;6,54;6,82;6,9
22.07.2021;6;6,13;6,23;6,31;6,52;6,82;6,9
21.07.2021;6,06;6,16;6,23;6,32;6,51;6,82;6,9
20.07.2021;6;6,11;6,19;6,29;6,48;6,81;6,88
19.07.2021;5,94;6,04;6,14;6,21;6,45;6,76;6,83
16.07.2021;5,91;5,99;6,03;6,18;6,42;6,78;6,86
15.07.2021;5,89;5,98;6,01;6,17;6,4;6,74;6,84
14.07.2021;5,86;5,96;6;6,18;6,41;6,76;6,87
13.07.2021;5,85;5,93;5,96;6,15;6,39;6,73;6,83
12.07.2021;5,8;5,83;5,89;6,08;6,36;6,68;6,78
09.07.2021;5,7;5,75;5,82;5,99;6,31;6,65;6,73
08.07.2021;5,62;5,71;5,77;5,88;6,21;6,56;6,65
07.07.2021;5,59;5,69;5,76;5,88;6,2;6,54;6,61
06.07.2021;5,53;5,63;5,73;5,85;6,17;6,51;6,59
05.07.2021;5,51;5,63;5,73;5,84;6,14;6,44;6,56
02.07.2021;5,48;5,63;5,71;5,84;6,17;6,49;6,6
01.07.2021;5,43;5,63;5,73;5,83;6,17;6,48;6,59
30.06.2021;5,63;5,7;5,75;5,8;6,15;6,42;6,55
29.06.2021;5,58;5,7;5,73;5,78;6,12;6,41;6,55
28.06.2021;5,58;5,68;5,71;5,78;6,12;6,38;6,55
25.06.2021;5,54;5,68;5,72;5,77;6,13;6,38;6,55
24.06.2021;5,47;5,67;5,73;5,8;6,13;6,38;6,55
23.06.2021;5,48;5,67;5,73;5,78;6,13;6,38;6,55
22.06.2021;5,55;5,69;5,74;5,81;6,13;6,38;6,55
21.06.2021;5,6;5,69;5,74;5,81;6,13;6,38;6,56
18.06.2021;5,57;5,69;5,73;5,81;6,12;6,37;6,57
17.06.2021;5,63;5,69;5,74;5,8;6,07;6,29;6,52
16.06.2021;5,58;5,68;5,71;5,79;6,03;6,23;6,47
15.06.2021;5,56;5,63;5,68;5,78;6,02;6,21;6,45
11.06.2021;5,36;5,45;5,54;5,72;5,96;6,18;6,39
10.06.2021;5,21;5,28;5,39;5,65;5,91;6,14;6,31
09.06.2021;5,15;5,2;5,32;5,58;5,85;6,07;6,24
08.06.2021;4,89;5,11;5,26;5,48;5,68;6,01;6,17
07.06.2021;4,9;5,1;5,24;5,42;5,63;5,97;6,13
04.06.2021;4,98;5,13;5,26;5,41;5,62;5,94;6,1
03.06.2021;4,99;5,16;5,27;5,39;5,61;5,88;6,08
02.06.2021;5,02;5,18;5,27;5,38;5,59;5,87;6,08
01.06.2021;5,07;5,18;5,24;5,38;5,56;5,78;5,98
31.05.2021;5,12;5,17;5,23;5,34;5,53;5,75;5,87
28.05.2021;5,12;5,15;5,23;5,33;5,53;5,75;5,83
27.05.2021;5,1;5,13;5,23;5,31;5,52;5,75;5,83
26.05.2021;5,08;5,12;5,23;5,31;5,52;5,75;5,83
25.05.2021;5,03;5,12;5,23;5,31;5,52;5,75;5,83
24.05.2021;4,98;5,12;5,23;5,28;5,51;5,73;5,83
21.05.2021;5,05;5,13;5,22;5,27;5,51;5,72;5,83
20.05.2021;5,06;5,14;5,22;5,27;5,51;5,72;5,82
19.05.2021;5,08;5,18;5,2;5,26;5,51;5,71;5,8
18.05.2021;5,13;5,18;5,2;5,27;5,5;5,7;5,81
17.05.2021;5,11;5,15;5,2;5,28;5,5;5,7;5,8
14.05.2021;5,09;5,11;5,18;5,25;5,5;5,69;5,8
13.05.2021;4,94;5,02;5,11;5,23;5,5;5,69;5,8
12.05.2021;4,86;5;5,09;5,23;5,5;5,69;5,8
11.05.2021;4,67;4,93;5,09;5,22;5,5;5,69;5,8
07.05.2021;4,44;4,82;5,07;5,23;5,5;5,69;5,8
06.05.2021;4,61;4,93;5,1;5,24;5,5;5,69;5,8
05.05.2021;4,87;5,1;5,17;5,26;5,49;5,7;5,81
04.05.2021;4,93;5,17;5,22;5,28;5,49;5,71;5,81
30.04.2021;5,08;5,18;5,23;5,31;5,5;5,7;5,81
29.04.2021;5,11;5,19;5,24;5,33;5,51;5,71;5,82
28.04.2021;5,03;5,15;5,23;5,35;5,52;5,71;5,85
27.04.2021;4,95;5,13;5,19;5,35;5,52;5,68;5,83
26.04.2021;4,98;5,01;5,08;5,28;5,44;5,65;5,78
23.04.2021;4,6;4,69;4,79;4,99;5,16;5,38;5,47
22.04.2021;4,57;4,73;4,83;5;5,16;5,38;5,46
21.04.2021;4,58;4,71;4,81;5;5,15;5,35;5,43
20.04.2021;4,58;4,67;4,78;5,01;5,14;5,35;5,43
19.04.2021;4,62;4,63;4,74;4,99;5,16;5,38;5,48
16.04.2021;4,6;4,63;4,72;4,98;5,13;5,34;5,47
15.04.2021;4,62;4,66;4,72;4,97;5,14;5,34;5,48
14.04.2021;4,66;4,68;4,73;4,93;5,13;5,32;5,42
13.04.2021;4,67;4,69;4,74;4,92;5,16;5,33;5,42
12.04.2021;4,64;4,68;4,73;4,91;5,14;5,32;5,41
09.04.2021;4,6;4,64;4,7;4,88;5,13;5,34;5,43
08.04.2021;4,56;4,64;4,7;4,87;5,13;5,33;5,41
07.04.2021;4,54;4,63;4,7;4,87;5,13;5,33;5,42
06.04.2021;4,5;4,64;4,71;4,88;5,11;5,33;5,42
05.04.2021;4,55;4,66;4,73;4,92;5,13;5,33;5,42
02.04.2021;4,56;4,66;4,74;4,92;5,13;5,34;5,43
01.04.2021;4,62;4,67;4,74;4,92;5,13;5,34;5,43
31.03.2021;4,63;4,68;4,74;4,91;5,12;5,33;5,43
30.03.2021;4,63;4,7;4,77;4,9;5,11;5,32;5,42
29.03.2021;4,65;4,69;4,76;4,9;5,1;5,28;5,38
26.03.2021;4,68;4,71;4,76;4,9;5,09;5,23;5,35
25.03.2021;4,64;4,7;4,75;4,87;5,05;5,18;5,29
24.03.2021;4,56;4,67;4,73;4,85;5,02;5,16;5,23
23.03.2021;4,56;4,67;4,74;4,86;4,98;5,11;5,19
22.03.2021;4,49;4,58;4,69;4,82;4,93;5,05;5,12
19.03.2021;4,28;4,41;4,53;4,73;4,84;4,93;5,03
18.03.2021;4,29;4,41;4,53;4,72;4,83;4,93;5,04
17.03.2021;4,3;4,4;4,5;4,7;4,8;4,89;5
16.03.2021;4,31;4,41;4,48;4,69;4,77;4,83;4,93
15.03.2021;4,32;4,39;4,44;4,68;4,75;4,83;4,93
12.03.2021;4,32;4,39;4,45;4,68;4,75;4,83;4,92
11.03.2021;4,31;4,38;4,44;4,67;4,75;4,84;4,93
10.03.2021;4,31;4,38;4,44;4,68;4,76;4,84;4,93
09.03.2021;4,28;4,41;4,48;4,68;4,75;4,83;4,91
05.03.2021;4,23;4,39;4,44;4,67;4,77;4,83;4,93
04.03.2021;4,33;4,42;4,45;4,67;4,76;4,83;4,91
03.03.2021;4,33;4,43;4,48;4,68;4,77;4,84;4,93
02.03.2021;4,33;4,45;4,51;4,68;4,77;4,84;4,93
01.03.2021;4,31;4,5;4,53;4,68;4,77;4,84;4,93
26.02.2021;4,39;4,47;4,53;4,69;4,78;4,84;4,95
25.02.2021;4,27;4,37;4,46;4,65;4,75;4,83;4,93
24.02.2021;4,24;4,36;4,45;4,65;4,75;4,83;4,91
20.02.2021;4,22;4,34;4,46;4,65;4,74;4,82;4,89
19.02.2021;4,24;4,36;4,46;4,65;4,74;4,81;4,88
18.02.2021;4,25;4,37;4,46;4,65;4,74;4,82;4,88
17.02.2021;4,23;4,38;4,43;4,65;4,74;4,81;4,9
16.02.2021;4,23;4,38;4,43;4,65;4,75;4,83;4,93
15.02.2021;4,18;4,37;4,43;4,65;4,75;4,83;4,93
12.02.2021;4,21;4,36;4,42;4,65;4,75;4,83;4,93
11.02.2021;4,26;4,39;4,45;4,65;4,78;4,86;4,93
10.02.2021;4,34;4,45;4,53;4,67;4,79;4,89;4,93
09.02.2021;4,04;4,39;4,54;4,71;4,79;4,89;4,93
08.02.2021;3,76;4,38;4,53;4,7;4,79;4,89;4,93
05.02.2021;4,23;4,44;4,58;4,71;4,79;4,89;4,93
04.02.2021;4,32;4,48;4,61;4,73;4,79;4,9;4,93
03.02.2021;4,37;4,53;4,62;4,73;4,8;4,89;4,93
02.02.2021;4,45;4,57;4,63;4,73;4,81;4,89;4,91
01.02.2021;4,58;4,64;4,68;4,76;4,79;4,88;4,9
29.01.2021;4,65;4,66;4,68;4,74;4,78;4,89;4,91
28.01.2021;4,52;4,6;4,63;4,71;4,78;4,88;4,91
27.01.2021;4,53;4,61;4,63;4,7;4,77;4,88;4,91
26.01.2021;4,57;4,61;4,63;4,71;4,77;4,88;4,92
25.01.2021;4,56;4,58;4,6;4,68;4,77;4,88;4,91
22.01.2021;4,54;4,59;4,6;4,68;4,78;4,89;4,88
21.01.2021;4,56;4,6;4,61;4,68;4,78;4,89;4,88
20.01.2021;4,57;4,59;4,61;4,68;4,78;4,89;4,88
19.01.2021;4,56;4,58;4,61;4,69;4,78;4,9;4,88
18.01.2021;4,53;4,56;4,6;4,69;4,78;4,9;4,88
15.01.2021;4,53;4,55;4,61;4,69;4,78;4,89;4,88
14.01.2021;4,52;4,55;4,61;4,68;4,77;4,88;4,88
13.01.2021;4,5;4,56;4,61;4,68;4,77;4,88;4,88
12.01.2021;4,52;4,58;4,63;4,7;4,78;4,89;4,88
11.01.2021;4,59;4,64;4,67;4,73;4,78;4,9;4,89
31.12.2020;0;4,7;4,72;4,74;4,82;4,92;4,91
30.12.2020;4,55;4,57;4,61;4,72;4,78;4,9;4,9
29.12.2020;4,5;4,52;4,54;4,7;4,78;4,88;4,88
28.12.2020;4,49;4,53;4,56;4,71;4,77;4,89;4,89
25.12.2020;4,48;4,53;4,58;4,72;4,78;4,93;4,91
24.12.2020;4,49;4,54;4,6;4,73;4,78;4,92;4,89
23.12.2020;4,5;4,53;4,61;4,74;4,78;4,93;4,91
22.12.2020;4,51;4,56;4,63;4,73;4,78;4,94;4,92
21.12.2020;4,5;4,53;4,6;4,72;4,78;4,92;4,9
18.12.2020;4,52;4,51;4,58;4,7;4,78;4,93;4,87
17.12.2020;4,52;4,51;4,59;4,68;4,76;4,91;4,87
16.12.2020;4,5;4,5;4,57;4,68;4,76;4,9;4,88
15.12.2020;4,43;4,44;4,52;4,68;4,75;4,88;4,87
14.12.2020;4,43;4,44;4,52;4,69;4,76;4,89;4,89
11.12.2020;4,43;4,44;4,51;4,72;4,78;4,93;4,93
10.12.2020;4,41;4,45;4,5;4,73;4,78;4,92;4,9
09.12.2020;4,37;4,43;4,5;4,74;4,8;4,97;4,9
08.12.2020;4,24;4,43;4,5;4,74;4,8;4,97;4,9
07.12.2020;4,14;4,44;4,5;4,74;4,8;4,97;4,9
04.12.2020;4,35;4,46;4,51;4,74;4,8;4,97;4,89
03.12.2020;4,38;4,48;4,51;4,73;4,81;4,96;4,88
02.12.2020;4,42;4,5;4,52;4,73;4,82;4,96;4,88
01.12.2020;4,43;4,5;4,52;4,7;4,82;4,95;4,89
30.11.2020;4,43;4,49;4,53;4,68;4,81;4,95;4,89
27.11.2020;4,43;4,48;4,54;4,63;4,77;4,93;4,88
26.11.2020;4,41;4,48;4,53;4,6;4,74;4,9;4,88
25.11.2020;4,42;4,48;4,53;4,58;4,69;4,82;4,83
24.11.2020;4,42;4,48;4,53;4,56;4,63;4,73;4,78
23.11.2020;4,43;4,48;4,53;4,56;4,63;4,7;4,75
20.11.2020;4,39;4,48;4,53;4,56;4,64;4,73;4,78
19.11.2020;4,43;4,49;4,53;4,57;4,65;4,74;4,78
18.11.2020;4,43;4,48;4,5;4,57;4,65;4,74;4,78
17.11.2020;4,45;4,49;4,51;4,58;4,63;4,73;4,77
16.11.2020;4,44;4,48;4,51;4,54;4,62;4,7;4,76
13.11.2020;4,45;4,49;4,51;4,54;4,61;4,68;4,76
12.11.2020;4,4;4,48;4,5;4,54;4,62;4,67;4,74
11.11.2020;4,38;4,47;4,5;4,54;4,62;4,69;4,74
10.11.2020;4,21;4,43;4,52;4,55;4,62;4,7;4,75
09.11.2020;4,2;4,43;4,53;4,57;4,63;4,71;4,76
06.11.2020;4,46;4,51;4,53;4,54;4,6;4,69;4,73
05.11.2020;4,48;4,53;4,53;4,54;4,6;4,69;4,72
03.11.2020;4,49;4,53;4,53;4,54;4,61;4,71;4,72
02.11.2020;4,5;4,53;4,53;4,56;4,61;4,7;4,71
30.10.2020;4,49;4,53;4,53;4,56;4,59;4,65;4,67
29.10.2020;4,49;4,53;4,53;4,56;4,59;4,65;4,67
28.10.2020;4,5;4,53;4,54;4,56;4,59;4,65;4,68
27.10.2020;4,5;4,53;4,53;4,56;4,6;4,67;4,68
26.10.2020;4,51;4,53;4,54;4,56;4,59;4,65;4,67
23.10.2020;4,49;4,52;4,54;4,56;4,59;4,65;4,66
22.10.2020;4,51;4,53;4,53;4,56;4,58;4,65;4,67
21.10.2020;4,5;4,52;4,52;4,54;4,56;4,65;4,68
20.10.2020;4,49;4,51;4,52;4,54;4,56;4,65;4,68
19.10.2020;4,49;4,51;4,52;4,54;4,56;4,65;4,68
16.10.2020;4,48;4,51;4,52;4,54;4,56;4,65;4,68
15.10.2020;4,47;4,48;4,51;4,54;4,56;4,65;4,69
14.10.2020;4,44;4,49;4,51;4,55;4,56;4,65;4,7
13.10.2020;4,45;4,49;4,5;4,54;4,56;4,64;4,68
12.10.2020;4,44;4,49;4,49;4,54;4,57;4,64;4,67
09.10.2020;4,45;4,48;4,49;4,53;4,57;4,64;4,68
08.10.2020;4,44;4,48;4,49;4,53;4,56;4,64;4,68
07.10.2020;4,39;4,45;4,48;4,52;4,55;4,64;4,67
06.10.2020;4,31;4,43;4,48;4,5;4,54;4,63;4,65
05.10.2020;4,35;4,42;4,47;4,5;4,54;4,63;4,65
02.10.2020;4,1;4,4;4,47;4,5;4,54;4,63;4,65
01.10.2020;4,38;4,44;4,48;4,5;4,54;4,63;4,65
30.09.2020;4,48;4,49;4,49;4,5;4,55;4,64;4,65
29.09.2020;4,49;4,49;4,48;4,5;4,55;4,63;4,67
28.09.2020;4,48;4,49;4,48;4,5;4,55;4,63;4,67
25.09.2020;4,41;4,48;4,48;4,5;4,55;4,63;4,67
24.09.2020;4,39;4,47;4,49;4,5;4,55;4,63;4,66
23.09.2020;4,43;4,47;4,48;4,5;4,55;4,63;4,66
22.09.2020;4,43;4,47;4,47;4,5;4,54;4,62;4,63
21.09.2020;4,41;4,44;4,44;4,49;4,52;4,58;4,6
18.09.2020;4,4;4,45;4,46;4,5;4,55;4,63;4,66
17.09.2020;4,42;4,46;4,46;4,5;4,55;4,63;4,66
16.09.2020;4,41;4,46;4,46;4,5;4,55;4,63;4,66
15.09.2020;4,37;4,45;4,45;4,5;4,55;4,63;4,66
14.09.2020;4,36;4,44;4,44;4,49;4,55;4,63;4,66
11.09.2020;4,36;4,45;4,46;4,5;4,56;4,65;4,67
10.09.2020;4,36;4,45;4,45;4,52;4,57;4,66;4,68
09.09.2020;4,38;4,43;4,44;4,55;4,59;4,68;4,7
08.09.2020;4,28;4,41;4,47;4,6;4,64;4,72;4,75
07.09.2020;4,34;4,41;4,43;4,52;4,57;4,65;4,66
04.09.2020;4,31;4,43;4,45;4,52;4,57;4,65;4,66
03.09.2020;4,3;4,43;4,45;4,52;4,57;4,65;4,66
02.09.2020;4,29;4,4;4,44;4,53;4,57;4,66;4,67
01.09.2020;4,33;4,43;4,45;4,54;4,55;4,64;4,66
31.08.2020;4,36;4,43;4,45;4,54;4,55;4,64;4,66
28.08.2020;4,38;4,43;4,45;4,52;4,56;4,65;4,69
27.08.2020;4,4;4,43;4,45;4,5;4,56;4,64;4,67
26.08.2020;4,4;4,43;4,44;4,5;4,55;4,63;4,65
25.08.2020;4,39;4,43;4,44;4,5;4,54;4,63;4,65
24.08.2020;4,37;4,41;4,43;4,5;4,54;4,63;4,65
21.08.2020;4,37;4,41;4,43;4,5;4,54;4,63;4,65
20.08.2020;4,37;4,42;4,43;4,5;4,54;4,63;4,65
19.08.2020;4,36;4,41;4,43;4,5;4,54;4,62;4,63
18.08.2020;4,34;4,39;4,42;4,49;4,53;4,62;4,63
17.08.2020;4,33;4,39;4,41;4,46;4,51;4,6;4,61
14.08.2020;4,3;4,38;4,4;4,46;4,51;4,6;4,61
13.08.2020;4,28;4,37;4,4;4,47;4,52;4,6;4,62
12.08.2020;4,29;4,37;4,4;4,45;4,51;4,59;4,62
11.08.2020;4,3;4,38;4,39;4,43;4,51;4,59;4,6
10.08.2020;4,33;4,39;4,4;4,44;4,51;4,6;4,61
07.08.2020;4,32;4,38;4,4;4,44;4,52;4,61;4,62
06.08.2020;4,28;4,36;4,38;4,45;4,53;4,61;4,63
05.08.2020;4,3;4,35;4,38;4,46;4,5;4,59;4,63
04.08.2020;4,28;4,38;4,4;4,47;4,49;4,59;4,63
03.08.2020;4,32;4,4;4,41;4,48;4,5;4,58;4,57
31.07.2020;4,47;4,44;4,44;4,48;4,52;4,59;4,59
30.07.2020;4,43;4,39;4,41;4,44;4,51;4,59;4,59
29.07.2020;4,28;4,33;4,33;4,43;4,51;4,58;4,58
28.07.2020;4,23;4,29;4,3;4,42;4,5;4,58;4,58
27.07.2020;4,21;4,28;4,31;4,42;4,5;4,56;4,59
24.07.2020;4,27;4,33;4,37;4,46;4,53;4,6;4,63
23.07.2020;4,35;4,43;4,49;4,57;4,63;4,7;4,71
22.07.2020;4,4;4,47;4,53;4,57;4,62;4,66;4,65
21.07.2020;4,42;4,52;4,55;4,59;4,65;4,69;4,71
20.07.2020;4,39;4,51;4,56;4,63;4,67;4,73;4,77
17.07.2020;4,4;4,52;4,58;4,66;4,7;4,76;4,78
16.07.2020;4,42;4,53;4,6;4,71;4,77;4,8;4,82
15.07.2020;4,48;4,54;4,62;4,73;4,78;4,81;4,83
14.07.2020;4,51;4,57;4,65;4,75;4,78;4,82;4,84
13.07.2020;4,48;4,55;4,63;4,75;4,78;4,81;4,83
10.07.2020;4,48;4,54;4,59;4,75;4,78;4,82;4,83
09.07.2020;4,43;4,53;4,59;4,76;4,77;4,8;4,8
08.07.2020;4,43;4,55;4,59;4,77;4,79;4,82;4,83
07.07.2020;4,38;4,51;4,58;4,75;4,8;4,83;4,83
06.07.2020;4,36;4,53;4,62;4,77;4,81;4,83;4,83
03.07.2020;4,26;4,59;4,68;4,76;4,84;4,86;4,87
02.07.2020;4,63;4,7;4,75;4,8;4,85;4,86;4,87
30.06.2020;4,64;4,72;4,77;4,81;4,85;4,86;4,88
29.06.2020;4,66;4,73;4,78;4,82;4,85;4,87;4,88
26.06.2020;4,69;4,76;4,78;4,83;4,84;4,86;4,88
25.06.2020;4,66;4,76;4,78;4,83;4,85;4,88;4,91
23.06.2020;4,68;4,75;4,81;4,87;4,9;4,94;4,97
22.06.2020;4,74;4,83;4,88;4,94;4,98;5;5,02
19.06.2020;5,06;5,05;5,05;5,12;5,12;5,13;5,14
18.06.2020;5,13;5,11;5,16;5,19;5,18;5,21;5,23
17.06.2020;5,19;5,18;5,18;5,23;5,24;5,26;5,28
16.06.2020;5,29;5,4;5,41;5,38;5,37;5,36;5,38
15.06.2020;5,34;5,48;5,48;5,47;5,44;5,43;5,46
11.06.2020;5,41;5,5;5,5;5,49;5,48;5,46;5,48
10.06.2020;5,46;5,53;5,54;5,52;5,52;5,48;5,5
09.06.2020;5,5;5,58;5,61;5,53;5,53;5,49;5,53
08.06.2020;5,5;5,6;5,66;5,6;5,57;5,53;5,54
05.06.2020;5,58;5,68;5,71;5,66;5,63;5,62;5,61
04.06.2020;5,59;5,68;5,72;5,66;5,63;5,62;5,61
03.06.2020;5,58;5,69;5,73;5,68;5,67;5,64;5,63
02.06.2020;5,64;5,71;5,73;5,68;5,68;5,65;5,64
01.06.2020;5,67;5,73;5,75;5,72;5,71;5,68;5,66
29.05.2020;5,69;5,74;5,75;5,74;5,72;5,68;5,66
28.05.2020;5,69;5,74;5,75;5,74;5,72;5,7;5,68
27.05.2020;5,66;5,73;5,75;5,76;5,73;5,72;5,69
26.05.2020;5,66;5,73;5,74;5,77;5,76;5,72;5,7
25.05.2020;5,65;5,73;5,73;5,76;5,76;5,73;5,73
22.05.2020;5,62;5,72;5,73;5,79;5,78;5,75;5,76
21.05.2020;5,6;5,72;5,75;5,85;5,84;5,82;5,85
20.05.2020;5,62;5,72;5,79;5,97;5,97;5,99;6
19.05.2020;5,62;5,73;5,82;6;6,03;6,07;6,08
18.05.2020;5,6;5,72;5,82;6;6,03;6,06;6,08
15.05.2020;5,62;5,73;5,83;6;6,03;6,06;6,09
14.05.2020;5,66;5,75;5,83;6;6,04;6,07;6,1
13.05.2020;5,68;5,77;5,83;6;6,04;6,07;6,1
12.05.2020;5,61;5,75;5,82;5,99;6,05;6,06;6,12
08.05.2020;5,4;5,76;5,81;5,98;6,04;6,05;6,13
07.05.2020;5,67;5,82;5,87;6,01;6,03;6,05;6,13
06.05.2020;5,81;5,92;5,94;6,03;6,03;6,06;6,13
05.05.2020;—;—;—;—;—;—;—
04.05.2020;—;—;—;—;—;—;—
30.04.2020;5,94;5,94;5,95;6,01;6,03;6,07;6,14
29.04.2020;5,8;5,88;5,91;6;6,03;6,06;6,13
28.04.2020;5,77;5,86;5,89;6;6,04;6,09;6,12
27.04.2020;5,77;5,89;5,98;6,06;6,11;6,14;6,16
24.04.2020;6,27;6,28;6,32;6,39;6,43;6,49;6,56
23.04.2020;6,35;6,33;6,38;6,44;6,47;6,52;6,57
22.04.2020;6,35;6,36;6,36;6,41;6,43;6,51;6,6
21.04.2020;6,35;6,37;6,36;6,42;6,44;6,53;6,63
20.04.2020;6,32;6,33;6,34;6,42;6,46;6,52;6,63
17.04.2020;6,29;6,31;6,33;6,41;6,49;6,57;6,73
16.04.2020;6,23;6,26;6,31;6,39;6,48;6,56;6,71
15.04.2020;6,13;6,22;6,28;6,37;6,45;6,53;6,64
14.04.2020;6,11;6,21;6,28;6,37;6,45;6,53;6,64
13.04.2020;6,12;6,23;6,29;6,37;6,46;6,53;6,63
10.04.2020;6,22;6,25;6,29;6,38;6,46;6,53;6,62
09.04.2020;6,06;6,18;6,25;6,35;6,44;6,52;6,64
08.04.2020;6,12;6,18;6,26;6,39;6,47;6,53;6,67
07.04.2020;6,14;6,18;6,26;6,4;6,47;6,53;6,67
06.04.2020;6,14;6,23;6,31;6,45;6,53;6,6;6,73
03.04.2020;—;—;—;—;—;—;—
02.04.2020;—;—;—;—;—;—;—
01.04.2020;—;—;—;—;—;—;—
31.03.2020;—;—;—;—;—;—;—
30.03.2020;—;—;—;—;—;—;—
27.03.2020;6,25;6,34;6,44;6,52;6,63;6,68;6,77
26.03.2020;6,14;6,26;6,4;6,52;6,64;6,7;6,77
25.03.2020;6,03;6,18;6,38;6,53;6,68;6,73;6,74
24.03.2020;5,98;6,15;6,33;6,52;6,67;6,72;6,72
23.03.2020;5,99;6,14;6,31;6,5;6,63;6,67;6,67
20.03.2020;6;6,22;6,35;6,53;6,66;6,68;6,72
19.03.2020;5,96;6,21;6,35;6,54;6,65;6,68;6,68
18.03.2020;5,8;6,19;6,36;6,53;6,65;6,68;6,67
17.03.2020;5,75;6,23;6,38;6,52;6,65;6,68;6,68
16.03.2020;5,79;6,18;6,31;6,46;6,58;6,6;6,6
13.03.2020;5,78;6,23;6,31;6,4;6,51;6,53;6,53
12.03.2020;6;6,18;6,23;6,33;6,37;6,38;6,38
11.03.2020;6,06;6,21;6,24;6,29;6,3;6,29;6,33
10.03.2020;6,33;6,36;6,35;6,35;6,34;6,33;6,33
06.03.2020;6,24;6,22;6,23;6,23;6,26;6,26;6,28
05.03.2020;6,22;6,18;6,2;6,22;6,26;6,26;6,29
04.03.2020;6,22;6,19;6,22;6,23;6,28;6,28;6,3
03.03.2020;6,19;6,19;6,22;6,23;6,27;6,26;6,28
02.03.2020;6,18;6,2;6,23;6,24;6,27;6,27;6,29
28.02.2020;6,19;6,21;6,24;6,24;6,27;6,26;6,31
27.02.2020;6,13;6,16;6,19;6,21;6,23;6,23;6,28
26.02.2020;6,1;6,15;6,18;6,21;6,22;6,23;6,28
25.02.2020;6,08;6,13;6,17;6,2;6,22;6,23;6,28
21.02.2020;6,06;6,13;6,16;6,19;6,23;6,23;6,28
20.02.2020;6,06;6,13;6,17;6,2;6,23;6,23;6,28
19.02.2020;6,08;6,14;6,18;6,2;6,23;6,24;6,28
18.02.2020;6,09;6,17;6,2;6,22;6,25;6,27;6,3
17.02.2020;6,09;6,18;6,22;6,23;6,26;6,28;6,3
14.02.2020;6,09;6,18;6,23;6,25;6,26;6,28;6,3
13.02.2020;6,09;6,18;6,23;6,24;6,26;6,28;6,3
12.02.2020;6,1;6,18;6,23;6,24;6,25;6,27;6,29
11.02.2020;6,13;6,18;6,22;6,25;6,26;6,28;6,3
10.02.2020;6,2;6,25;6,28;6,31;6,33;6,35;6,37
07.02.2020;6,32;6,35;6,38;6,38;6,43;6,45;6,47
06.02.2020;6,3;6,36;6,37;6,39;6,43;6,46;6,47
05.02.2020;6,3;6,36;6,37;6,39;6,43;6,46;6,47
04.02.2020;6,3;6,36;6,38;6,39;6,43;6,46;6,47
03.02.2020;6,34;6,38;6,39;6,4;6,43;6,46;6,47
31.01.2020;6,36;6,39;6,4;6,41;6,43;6,46;6,47
30.01.2020;6,38;6,39;6,41;6,41;6,44;6,46;6,47
29.01.2020;6,37;6,41;6,43;6,43;6,44;6,46;6,47
28.01.2020;6,37;6,41;6,42;6,43;6,44;6,46;6,47
27.01.2020;6,34;6,39;6,41;6,43;6,44;6,46;6,47
24.01.2020;6,33;6,39;6,41;6,43;6,44;6,46;6,47
23.01.2020;6,33;6,39;6,41;6,43;6,44;6,45;6,47
22.01.2020;6,3;6,38;6,4;6,42;6,43;6,44;6,47
21.01.2020;6,3;6,38;6,4;6,42;6,43;6,44;6,47
20.01.2020;6,31;6,38;6,4;6,42;6,43;6,44;6,47
17.01.2020;6,3;6,38;6,4;6,42;6,43;6,45;6,47
16.01.2020;6,33;6,38;6,4;6,43;6,43;6,47;6,48
15.01.2020;6,33;6,38;6,39;6,43;6,44;6,47;6,48
14.01.2020;6,33;6,38;6,39;6,43;6,44;6,47;6,48
13.01.2020;6,37;6,39;6,4;6,42;6,43;6,45;6,48
10.01.2020;6,36;6,43;6,41;6,41;6,41;6,43;6,48
09.01.2020;6,39;6,42;6,39;6,4;6,41;6,42;6,47
08.01.2020;—;—;—;—;—;—;—
06.01.2020;—;—;—;—;—;—;—
03.01.2020;—;—;—;—;—;—;—
31.12.2019;0;6,37;6,38;6,41;6,42;6,45;6,48
30.12.2019;6,37;6,42;6,42;6,42;6,43;6,46;6,47
27.12.2019;6,43;6,43;6,42;6,43;6,46;6,47;6,49
26.12.2019;6,4;6,41;6,41;6,43;6,46;6,47;6,49
25.12.2019;6,41;6,39;6,39;6,43;6,46;6,47;6,49
24.12.2019;6,39;6,41;6,39;6,43;6,46;6,47;6,49
23.12.2019;6,28;6,39;6,39;6,43;6,46;6,47;6,49
20.12.2019;6,33;6,38;6,42;6,44;6,46;6,48;6,5
19.12.2019;6,23;6,36;6,41;6,46;6,46;6,5;6,52
18.12.2019;6,21;6,36;6,4;6,46;6,46;6,5;6,52
17.12.2019;6,2;6,37;6,39;6,46;6,46;6,51;6,52
16.12.2019;6,21;6,41;6,43;6,47;6,48;6,54;6,55
13.12.2019;6,34;6,52;6,53;6,54;6,55;6,6;6,63
12.12.2019;6,45;6,54;6,56;6,59;6,6;6,65;6,68
11.12.2019;6,52;6,57;6,59;6,64;6,67;6,71;6,73
10.12.2019;6,56;6,63;6,65;6,69;6,73;6,75;6,78
09.12.2019;6,56;6,63;6,65;6,71;6,73;6,76;6,79
06.12.2019;6,58;6,64;6,63;6,73;6,73;6,77;6,8
05.12.2019;6,63;6,66;6,65;6,73;6,75;6,78;6,81
04.12.2019;6,63;6,67;6,67;6,73;6,76;6,78;6,81
03.12.2019;6,66;6,68;6,68;6,73;6,76;6,78;6,81
02.12.2019;6,64;6,68;6,68;6,73;6,76;6,78;6,81
29.11.2019;6,64;6,68;6,68;6,73;6,76;6,78;6,81
28.11.2019;6,63;6,68;6,68;6,73;6,76;6,78;6,81
27.11.2019;6,63;6,68;6,68;6,73;6,76;6,78;6,81
26.11.2019;6,63;6,68;6,68;6,73;6,76;6,78;6,81
25.11.2019;6,62;6,68;6,68;6,73;6,76;6,78;6,81
22.11.2019;6,62;6,68;6,68;6,73;6,76;6,78;6,81
21.11.2019;6,64;6,68;6,68;6,73;6,76;6,78;6,81
20.11.2019;6,65;6,68;6,68;6,73;6,76;6,78;6,81
19.11.2019;6,65;6,68;6,68;6,73;6,76;6,78;6,81
18.11.2019;6,63;6,68;6,68;6,73;6,76;6,78;6,81
15.11.2019;6,63;6,68;6,68;6,74;6,76;6,79;6,81
14.11.2019;6,63;6,68;6,68;6,74;6,76;6,79;6,81
13.11.2019;6,63;6,68;6,68;6,74;6,76;6,79;6,82
12.11.2019;6,67;6,68;6,68;6,74;6,77;6,81;6,83
11.11.2019;6,68;6,69;6,69;6,75;6,78;6,82;6,83
08.11.2019;6,68;6,69;6,7;6,75;6,78;6,83;6,83
07.11.2019;6,68;6,69;6,7;6,75;6,78;6,83;6,83
06.11.2019;6,69;6,69;6,7;6,75;6,78;6,83;6,83
05.11.2019;6,68;6,7;6,71;6,75;6,78;6,83;6,83
01.11.2019;6,7;6,72;6,73;6,75;6,79;6,83;6,83
31.10.2019;6,74;6,73;6,74;6,77;6,79;6,84;6,85
30.10.2019;6,78;6,76;6,76;6,78;6,81;6,83;6,86
29.10.2019;6,78;6,74;6,75;6,78;6,81;6,84;6,86
28.10.2019;6,77;6,77;6,78;6,83;6,86;6,89;6,92
25.10.2019;7,03;6,96;6,96;6,98;7,02;7,03;7,04
24.10.2019;6,94;6,98;6,98;7;7,03;7,05;7,08
23.10.2019;6,93;7;6,99;7,03;7,04;7,08;7,13
22.10.2019;7,01;7,03;7,01;7,03;7,03;7,08;7,13
21.10.2019;7,08;7,11;7,07;7,08;7,08;7,16;7,22
18.10.2019;7,1;7,13;7,1;7,08;7,1;7,15;7,2
17.10.2019;7,1;7,14;7,09;7,1;7,13;7,18;7,24
16.10.2019;7,12;7,14;7,09;7,1;7,13;7,17;7,24
15.10.2019;7,13;7,14;7,07;7,1;7,13;7,15;7,24
14.10.2019;7,12;7,13;7,06;7,1;7,13;7,15;7,24
11.10.2019;7,12;7,13;7,07;7,12;7,13;7,17;7,24
10.10.2019;7,13;7,13;7,08;7,13;7,14;7,19;7,25
09.10.2019;7,16;7,15;7,08;7,13;7,14;7,19;7,25
08.10.2019;7,18;7,15;7,08;7,13;7,14;7,19;7,25
07.10.2019;7,14;7,14;7,08;7,13;7,14;7,19;7,25
04.10.2019;7,08;7,13;7,08;7,13;7,14;7,19;7,25
03.10.2019;7,1;7,13;7,09;7,13;7,14;7,18;7,25
02.10.2019;7,1;7,12;7,1;7,12;7,14;7,18;7,26
01.10.2019;7,06;7,1;7,09;7,13;7,15;7,19;7,27
30.09.2019;7,04;7,11;7,11;7,15;7,18;7,21;7,28
27.09.2019;7,03;7,08;7,1;7,13;7,15;7,21;7,28
26.09.2019;7;7,07;7,08;7,13;7,15;7,21;7,28
25.09.2019;7,01;7,08;7,08;7,13;7,17;7,22;7,29
24.09.2019;7,02;7,09;7,1;7,13;7,18;7,24;7,31
23.09.2019;7,02;7,08;7,08;7,12;7,16;7,23;7,29
20.09.2019;7,03;7,08;7,08;7,12;7,16;7,23;7,29
19.09.2019;7,03;7,08;7,09;7,12;7,16;7,23;7,29
18.09.2019;7,02;7,08;7,09;7,13;7,16;7,23;7,29
17.09.2019;7,02;7,08;7,12;7,16;7,18;7,24;7,32
16.09.2019;7,02;7,09;7,13;7,18;7,21;7,26;7,33
13.09.2019;7,02;7,09;7,13;7,18;7,21;7,26;7,33
12.09.2019;7,03;7,08;7,13;7,18;7,21;7,26;7,33
11.09.2019;7,01;7,08;7,12;7,18;7,21;7,26;7,33
10.09.2019;6,98;7,09;7,13;7,19;7,23;7,28;7,35
09.09.2019;6,99;7,13;7,18;7,23;7,28;7,32;7,43
06.09.2019;7,07;7,17;7,22;7,29;7,33;7,38;7,48
05.09.2019;7,23;7,29;7,29;7,33;7,38;7,43;7,53
04.09.2019;7,29;7,36;7,34;7,4;7,44;7,49;7,57
03.09.2019;7,37;7,4;7,41;7,47;7,51;7,55;7,58
02.09.2019;7,38;7,4;7,41;7,47;7,53;7,58;7,6
30.08.2019;7,38;7,4;7,43;7,47;7,53;7,58;7,6
29.08.2019;7,4;7,41;7,43;7,47;7,53;7,58;7,6
28.08.2019;7,43;7,43;7,43;7,47;7,53;7,58;7,6
27.08.2019;7,41;7,43;7,43;7,47;7,53;7,58;7,6
26.08.2019;7,39;7,43;7,43;7,47;7,55;7,59;7,61
23.08.2019;7,34;7,39;7,41;7,46;7,55;7,59;7,61
22.08.2019;7,37;7,39;7,42;7,46;7,55;7,59;7,61
21.08.2019;7,38;7,39;7,43;7,46;7,55;7,59;7,61
20.08.2019;7,38;7,41;7,44;7,46;7,55;7,59;7,61
19.08.2019;7,37;7,41;7,43;7,46;7,55;7,59;7,61
16.08.2019;7,37;7,4;7,42;7,46;7,56;7,61;7,63
15.08.2019;7,36;7,4;7,42;7,46;7,58;7,63;7,64
14.08.2019;7,37;7,42;7,43;7,48;7,59;7,63;7,64
13.08.2019;7,38;7,44;7,46;7,5;7,6;7,63;7,66
12.08.2019;7,41;7,44;7,46;7,5;7,6;7,63;7,67
09.08.2019;7,41;7,44;7,46;7,5;7,6;7,63;7,67
08.08.2019;7,4;7,45;7,46;7,5;7,61;7,63;7,67
07.08.2019;7,41;7,47;7,47;7,5;7,6;7,63;7,68
06.08.2019;7,37;7,48;7,46;7,5;7,61;7,66;7,7
05.08.2019;7,43;7,49;7,48;7,53;7,61;7,66;7,7
02.08.2019;7,46;7,5;7,48;7,54;7,61;7,66;7,7
01.08.2019;7,46;7,5;7,49;7,54;7,59;7,64;7,68
31.07.2019;7,51;7,54;7,53;7,56;7,58;7,63;7,68
30.07.2019;7,43;7,48;7,49;7,55;7,61;7,64;7,68
29.07.2019;7,39;7,47;7,48;7,55;7,63;7,67;7,74
26.07.2019;7,46;7,53;7,53;7,61;7,68;7,7;7,78
25.07.2019;7,45;7,57;7,6;7,68;7,73;7,76;7,84
24.07.2019;7,47;7,59;7,62;7,68;7,75;7,77;7,85
23.07.2019;7,53;7,64;7,68;7,73;7,8;7,83;7,9
22.07.2019;7,53;7,66;7,69;7,76;7,85;7,89;7,96
19.07.2019;7,56;7,66;7,7;7,76;7,88;7,93;8,01
18.07.2019;7,55;7,67;7,7;7,76;7,88;7,93;8,02
17.07.2019;7,55;7,67;7,71;7,77;7,88;7,94;8,03
16.07.2019;7,56;7,67;7,71;7,77;7,88;7,93;8,03
15.07.2019;7,56;7,66;7,7;7,77;7,88;7,93;8,03
12.07.2019;7,56;7,66;7,7;7,77;7,89;7,95;8,03
11.07.2019;7,57;7,67;7,71;7,78;7,9;7,96;8,03
10.07.2019;7,62;7,71;7,73;7,81;7,93;7,98;8,04
09.07.2019;7,61;7,73;7,74;7,83;7,93;7,98;8,04
08.07.2019;7,58;7,73;7,75;7,84;7,94;7,99;8,06
05.07.2019;7,56;7,73;7,76;7,85;7,94;7,99;8,06
04.07.2019;7,56;7,73;7,75;7,83;7,94;7,99;8,06
03.07.2019;7,6;7,73;7,76;7,83;7,94;7,99;8,06
02.07.2019;7,64;7,73;7,76;7,83;7,93;7,99;8,06
01.07.2019;7,68;7,74;7,78;7,83;7,94;8;8,07
28.06.2019;7,72;7,75;7,79;7,87;7,98;8,03;8,09
27.06.2019;7,71;7,76;7,79;7,87;7,98;8,03;8,09
26.06.2019;7,73;7,77;7,78;7,87;7,98;8,03;8,09
25.06.2019;7,73;7,76;7,8;7,87;7,98;8,03;8,09
24.06.2019;7,66;7,73;7,78;7,87;7,98;8,03;8,09
21.06.2019;7,67;7,73;7,78;7,88;7,98;8,03;8,09
20.06.2019;7,67;7,74;7,78;7,87;7,98;8,04;8,1
19.06.2019;7,66;7,74;7,78;7,86;7,97;8,04;8,1
18.06.2019;7,7;7,73;7,78;7,86;7,97;8,04;8,1
17.06.2019;7,7;7,75;7,8;7,89;7,99;8,06;8,12
14.06.2019;7,81;7,89;7,94;8,03;8,1;8,14;8,23
13.06.2019;7,82;7,93;7,97;8,05;8,14;8,18;8,28
11.06.2019;7,86;7,94;7,98;8,05;8,14;8,18;8,28
10.06.2019;7,94;7,98;8;8,07;8,17;8,21;8,29
07.06.2019;7,93;7,98;8;8,07;8,19;8,24;8,32
06.06.2019;7,91;7,98;8,01;8,08;8,19;8,24;8,33
05.06.2019;7,88;7,98;8,01;8,08;8,19;8,24;8,33
04.06.2019;7,96;8,01;8,03;8,07;8,19;8,24;8,33
03.06.2019;7,99;8,03;8,03;8,08;8,18;8,23;8,31
31.05.2019;8,09;8,05;8,01;8,08;8,16;8,23;8,29
30.05.2019;8,08;8,02;8;8,08;8,16;8,22;8,29
29.05.2019;7,92;7,92;7,96;8,07;8,15;8,19;8,29
28.05.2019;7,88;7,86;7,93;8,04;8,13;8,18;8,28
27.05.2019;7,75;7,81;7,92;8,03;8,13;8,18;8,28
24.05.2019;7,63;7,81;7,94;8,06;8,16;8,2;8,29
23.05.2019;7,71;7,83;7,94;8,07;8,17;8,21;8,3
22.05.2019;7,78;7,87;7,94;8,08;8,18;8,23;8,32
21.05.2019;7,84;7,88;7,95;8,09;8,18;8,24;8,33
20.05.2019;7,79;7,86;7,9;8,06;8,17;8,23;8,36
17.05.2019;7,8;7,86;7,94;8,06;8,17;8,23;8,36
16.05.2019;7,78;7,86;7,94;8,06;8,17;8,23;8,36
15.05.2019;7,83;7,9;7,98;8,08;8,18;8,23;8,38
14.05.2019;7,85;7,9;7,98;8,08;8,18;8,23;8,37
13.05.2019;7,78;7,88;7,98;8,08;8,18;8,23;8,38
08.05.2019;7,77;7,85;7,93;8,08;8,19;8,27;8,38
07.05.2019;7,76;7,85;7,93;8,08;8,19;8,25;8,38
06.05.2019;7,76;7,9;7,98;8,08;8,19;8,25;8,38
30.04.2019;7,9;7,97;8;8,12;8,23;8,28;8,42
29.04.2019;7,87;7,95;7,99;8,15;8,24;8,31;8,45
26.04.2019;7,85;7,96;7,99;8,16;8,25;8,31;8,45
25.04.2019;7,84;7,95;7,99;8,16;8,25;8,31;8,45
24.04.2019;7,78;7,93;7,99;8,16;8,25;8,31;8,45
23.04.2019;7,81;7,96;8;8,16;8,25;8,31;8,45
22.04.2019;7,85;7,97;8;8,16;8,25;8,31;8,45
19.04.2019;7,91;7,98;8;8,16;8,25;8,31;8,45
18.04.2019;7,97;7,98;8;8,16;8,25;8,31;8,45
17.04.2019;7,98;8;8;8,16;8,25;8,31;8,45
16.04.2019;8,04;8;8;8,16;8,25;8,31;8,45
15.04.2019;7,98;8;8;8,16;8,25;8,31;8,45
12.04.2019;7,98;7,96;7,98;8,16;8,25;8,31;8,45
11.04.2019;7,91;7,93;7,98;8,16;8,25;8,31;8,45
10.04.2019;7,88;7,91;7,98;8,16;8,25;8,31;8,45
09.04.2019;7,88;7,92;7,98;8,16;8,25;8,31;8,45
08.04.2019;7,89;7,92;7,98;8,17;8,25;8,31;8,45
05.04.2019;7,96;7,94;7,98;8,16;8,24;8,3;8,45
04.04.2019;7,9;7,89;7,98;8,16;8,25;8,3;8,43
03.04.2019;7,89;7,89;7,98;8,16;8,25;8,3;8,43
02.04.2019;7,88;7,88;7,98;8,17;8,26;8,31;8,43
01.04.2019;7,88;7,88;7,98;8,17;8,26;8,31;8,43
29.03.2019;7,9;7,91;7,98;8,17;8,26;8,31;8,45
28.03.2019;7,83;7,92;7,98;8,18;8,26;8,31;8,45
27.03.2019;7,92;7,93;7,99;8,17;8,26;8,31;8,45
26.03.2019;7,92;7,9;7,98;8,16;8,26;8,31;8,45
25.03.2019;7,81;7,85;7,98;8,16;8,25;8,31;8,45
22.03.2019;7,7;7,84;7,98;8,14;8,25;8,33;8,48
21.03.2019;7,7;7,84;7,98;8,15;8,27;8,34;8,48
20.03.2019;7,73;7,86;7,98;8,16;8,31;8,39;8,5
19.03.2019;7,74;7,84;7,98;8,18;8,35;8,44;8,55
18.03.2019;7,74;7,84;7,98;8,22;8,37;8,47;8,58
15.03.2019;7,75;7,87;7,99;8,21;8,34;8,44;8,55
14.03.2019;7,75;7,88;7,99;8,21;8,34;8,44;8,57
13.03.2019;7,83;7,89;7,99;8,21;8,34;8,45;8,58
12.03.2019;7,85;7,88;7,99;8,21;8,38;8,51;8,63
11.03.2019;7,89;7,89;8;8,23;8,45;8,6;8,68
07.03.2019;7,92;7,91;8;8,23;8,45;8,6;8,69
06.03.2019;7,9;7,91;8;8,23;8,46;8,61;8,69
05.03.2019;7,88;7,9;8;8,24;8,5;8,63;8,69
04.03.2019;7,88;7,92;8,01;8,24;8,5;8,64;8,69
01.03.2019;7,86;7,88;8;8,24;8,5;8,64;8,69
28.02.2019;7,82;7,87;7,98;8,24;8,48;8,63;8,7
27.02.2019;7,78;7,86;7,97;8,24;8,48;8,62;8,68
26.02.2019;7,71;7,83;7,97;8,24;8,48;8,62;8,68
25.02.2019;7,67;7,8;7,96;8,24;8,48;8,62;8,68
22.02.2019;7,58;7,82;7,98;8,24;8,48;8,62;8,68
21.02.2019;7,69;7,85;8;8,25;8,51;8,62;8,68
20.02.2019;7,84;7,86;7,98;8,25;8,52;8,62;8,68
19.02.2019;7,82;7,86;7,98;8,25;8,5;8,62;8,68
18.02.2019;7,79;7,84;7,98;8,25;8,5;8,62;8,68
15.02.2019;7,82;7,87;7,98;8,25;8,5;8,62;8,68
14.02.2019;7,74;7,85;7,98;8,25;8,5;8,62;8,68
13.02.2019;7,75;7,85;7,98;8,25;8,49;8,6;8,68
12.02.2019;7,77;7,83;7,99;8,25;8,49;8,62;8,68
11.02.2019;7,77;7,83;8,01;8,23;8,52;8,63;8,69
08.02.2019;7,8;7,88;8,01;8,23;8,52;8,62;8,69
07.02.2019;7,81;7,92;8,03;8,23;8,52;8,62;8,69
06.02.2019;7,83;7,93;8,06;8,23;8,51;8,6;8,69
05.02.2019;7,8;7,93;8,06;8,23;8,54;8,63;8,71
04.02.2019;7,78;7,93;8,05;8,23;8,53;8,62;8,7
01.02.2019;7,84;8,04;8,1;8,24;8,51;8,58;8,68
31.01.2019;7,96;8,06;8,12;8,26;8,52;8,57;8,68
30.01.2019;7,98;8,06;8,12;8,25;8,5;8,57;8,68
29.01.2019;8,01;8,06;8,12;8,25;8,5;8,57;8,68
28.01.2019;7,99;8,04;8,09;8,25;8,5;8,56;8,68
25.01.2019;7,95;8,02;8,09;8,25;8,5;8,56;8,68
24.01.2019;7,95;8,03;8,09;8,24;8,53;8,58;8,68
23.01.2019;7,98;8,04;8,09;8,24;8,53;8,58;8,68
22.01.2019;7,98;8,01;8,08;8,23;8,53;8,58;8,68
21.01.2019;7,88;7,95;8,04;8,23;8,53;8,58;8,68
18.01.2019;7,87;7,91;8,01;8,23;8,53;8,58;8,68
17.01.2019;7,86;7,89;7,99;8,23;8,53;8,58;8,68
16.01.2019;7,85;7,89;7,99;8,23;8,54;8,59;8,68
15.01.2019;7,82;7,9;8;8,23;8,54;8,59;8,68
14.01.2019;7,83;7,92;8,02;8,23;8,54;8,6;8,68
11.01.2019;7,88;7,93;8,02;8,23;8,54;8,64;8,72
10.01.2019;7,88;7,94;8,03;8,22;8,54;8,63;8,72
09.01.2019;7,91;7,98;8,06;8,21;8,53;8,62;8,7
08.01.2019;—;—;—;—;—;—;—
04.01.2019;—;—;—;—;—;—;—
03.01.2019;—;—;—;—;—;—;—
29.12.2018;—;7,98;8,1;8,22;8,55;8,58;8,67
28.12.2018;7,65;7,94;8,08;8,24;8,55;8,59;8,68
27.12.2018;7,9;8,03;8,12;8,26;8,58;8,65;8,71
26.12.2018;7,9;8,03;8,13;8,28;8,58;8,61;8,7
25.12.2018;7,94;8,05;8,13;8,28;8,58;8,61;8,7
24.12.2018;7,94;8,05;8,13;8,28;8,58;8,61;8,7
21.12.2018;7,93;8,05;8,13;8,28;8,58;8,61;8,7
20.12.2018;7,97;8,03;8,15;8,28;8,58;8,63;8,7
19.12.2018;7,98;8,02;8,16;8,3;8,58;8,63;8,7
18.12.2018;7,92;8,03;8,13;8,29;8,57;8,63;8,7
17.12.2018;7,93;7,99;8,08;8,22;8,53;8,58;8,64
14.12.2018;7,73;7,79;7,83;8,06;8,42;8,5;8,54
13.12.2018;7,7;7,78;7,83;8,03;8,38;8,5;8,53
12.12.2018;7,7;7,77;7,82;8,01;8,38;8,5;8,53
11.12.2018;7,7;7,78;7,81;8,01;8,37;8,49;8,53
10.12.2018;7,67;7,76;7,8;8;8,37;8,49;8,53
07.12.2018;7,71;7,78;7,84;7,96;8,37;8,49;8,52
06.12.2018;7,67;7,78;7,83;8;8,36;8,48;8,52
05.12.2018;7,71;7,78;7,83;7,98;8,34;8,46;8,5
04.12.2018;7,69;7,78;7,83;7,98;8,33;8,46;8,5
03.12.2018;7,66;7,77;7,82;7,99;8,33;8,47;8,52
30.11.2018;7,74;7,78;7,85;7,99;8,34;8,49;8,52
29.11.2018;7,6;7,77;7,83;7,98;8,32;8,45;8,49
28.11.2018;7,74;7,8;7,83;7,98;8,31;8,44;8,49
27.11.2018;7,75;7,79;7,83;7,96;8,3;8,43;8,5
26.11.2018;7,59;7,69;7,77;7,94;8,28;8,41;8,49
23.11.2018;7,39;7,64;7,74;7,95;8,28;8,41;8,48
22.11.2018;7,46;7,63;7,74;7,94;8,27;8,41;8,48
21.11.2018;7,48;7,67;7,76;7,96;8,26;8,43;8,48
20.11.2018;7,48;7,65;7,75;7,95;8,24;8,42;8,48
19.11.2018;7,51;7,61;7,72;7,93;8,23;8,38;8,47
16.11.2018;7,4;7,61;7,71;7,93;8,2;8,34;8,45
15.11.2018;7,46;7,65;7,73;7,96;8,2;8,35;8,45
14.11.2018;7,61;7,68;7,75;7,94;8,21;8,37;8,45
13.11.2018;7,61;7,69;7,76;7,94;8,24;8,38;8,45
12.11.2018;7,62;7,7;7,76;7,93;8,23;8,35;8,43
09.11.2018;7,63;7,71;7,77;7,93;8,23;8,35;8,43
08.11.2018;7,63;7,7;7,77;7,93;8,23;8,35;8,43
07.11.2018;7,58;7,68;7,76;7,93;8,23;8,35;8,43
06.11.2018;7,49;7,64;7,74;7,93;8,22;8,32;8,43
02.11.2018;7,46;7,64;7,75;7,95;8,19;8,31;8,43
01.11.2018;7,25;7,62;7,73;7,93;8,18;8,31;8,43
31.10.2018;7,42;7,66;7,76;7,92;8,15;8,31;8,43
30.10.2018;7,47;7,68;7,78;7,93;8,16;8,28;8,4
29.10.2018;7,51;7,68;7,79;7,94;8,16;8,27;8,39
26.10.2018;7,55;7,74;7,81;7,95;8,18;8,32;8,41
25.10.2018;7,57;7,73;7,81;7,95;8,18;8,32;8,41
24.10.2018;7,39;7,67;7,78;7,91;8,12;8,3;8,39
23.10.2018;7,43;7,68;7,78;7,93;8,13;8,28;8,41
22.10.2018;7,58;7,73;7,79;7,93;8,13;8,3;8,42
19.10.2018;7,59;7,74;7,82;7,93;8,14;8,32;8,43
18.10.2018;7,58;7,74;7,82;7,93;8,15;8,33;8,44
17.10.2018;7,63;7,75;7,83;7,94;8,18;8,34;8,47
16.10.2018;7,66;7,75;7,79;7,91;8,13;8,28;8,43
15.10.2018;7,68;7,76;7,79;7,9;8,14;8,3;8,43
12.10.2018;7,65;7,74;7,79;7,91;8,13;8,28;8,41
11.10.2018;7,63;7,73;7,79;7,89;8,1;8,23;8,33
10.10.2018;7,61;7,73;7,79;7,89;8,09;8,24;8,33
09.10.2018;7,71;7,75;7,79;7,91;8,09;8,23;8,27
08.10.2018;7,71;7,75;7,79;7,91;8,09;8,23;8,27
05.10.2018;7,76;7,75;7,78;7,89;8,02;8,18;8,25
04.10.2018;7,61;7,68;7,73;7,86;7,98;8,15;8,21
03.10.2018;7,59;7,68;7,72;7,83;7,95;8,11;8,19
02.10.2018;7,55;7,69;7,74;7,83;7,97;8,11;8,19
01.10.2018;7,56;7,69;7,73;7,83;7,97;8,11;8,18
28.09.2018;7,6;7,71;7,75;7,86;7,98;8,12;8,18
27.09.2018;7,55;7,68;7,73;7,83;7,96;8,08;8,15
26.09.2018;7,56;7,69;7,73;7,83;7,98;8,07;8,13
25.09.2018;7,45;7,62;7,69;7,79;7,97;8,06;8,11
24.09.2018;7,44;7,62;7,69;7,79;7,97;8,06;8,11
21.09.2018;7,52;7,67;7,73;7,83;7,98;8,07;8,11
20.09.2018;7,56;7,71;7,76;7,84;7,97;8,08;8,13
19.09.2018;7,6;7,74;7,78;7,86;7,97;8,08;8,12
18.09.2018;7,64;7,74;7,77;7,85;7,95;8,07;8,12
17.09.2018;7,63;7,74;7,77;7,87;7,94;8,05;8,1
14.09.2018;7,3;7,45;7,51;7,62;7,76;7,81;7,87
13.09.2018;7,31;7,46;7,53;7,62;7,75;7,81;7,86
12.09.2018;7,24;7,47;7,53;7,62;7,75;7,83;7,86
11.09.2018;7,27;7,41;7,51;7,6;7,73;7,81;7,84
10.09.2018;7,29;7,39;7,46;7,54;7,68;7,74;7,79
07.09.2018;7,28;7,4;7,47;7,53;7,67;7,73;7,78
06.09.2018;7,28;7,38;7,4;7,51;7,63;7,7;7,73
05.09.2018;7,3;7,38;7,36;7,5;7,62;7,68;7,7
04.09.2018;7,34;7,38;7,36;7,52;7,62;7,68;7,71
03.09.2018;7,36;7,38;7,37;7,53;7,61;7,68;7,7
31.08.2018;7,37;7,38;7,38;7,53;7,61;7,66;7,68
30.08.2018;7,33;7,39;7,39;7,53;7,6;7,66;7,68
29.08.2018;7,38;7,41;7,4;7,51;7,6;7,65;7,67
28.08.2018;7,33;7,36;7,39;7,47;7,58;7,62;7,63
27.08.2018;7,28;7,34;7,38;7,45;7,57;7,61;7,62
24.08.2018;7,19;7,32;7,38;7,45;7,57;7,61;7,62
23.08.2018;7,26;7,33;7,38;7,45;7,57;7,61;7,62
22.08.2018;7,22;7,34;7,38;7,46;7,57;7,61;7,62
21.08.2018;7,23;7,34;7,38;7,47;7,57;7,61;7,61
20.08.2018;7,26;7,35;7,39;7,47;7,56;7,6;7,6
17.08.2018;7,27;7,33;7,38;7,47;7,55;7,6;7,6
16.08.2018;7,32;7,34;7,38;7,48;7,55;7,61;7,61
15.08.2018;7,37;7,38;7,4;7,48;7,56;7,6;7,6
14.08.2018;7,33;7,35;7,39;7,46;7,54;7,57;7,57
13.08.2018;7,33;7,35;7,39;7,47;7,53;7,57;7,56
10.08.2018;7,28;7,33;7,38;7,47;7,53;7,57;7,57
09.08.2018;7,28;7,33;7,37;7,45;7,53;7,56;7,56
08.08.2018;7,24;7,31;7,36;7,41;7,49;7,53;7,53
07.08.2018;7,19;7,3;7,34;7,41;7,5;7,53;7,53
06.08.2018;7,27;7,3;7,34;7,41;7,5;7,53;7,53
03.08.2018;7,32;7,33;7,36;7,41;7,49;7,53;7,53
02.08.2018;7,31;7,34;7,37;7,41;7,49;7,53;7,53
01.08.2018;7,34;7,42;7,39;7,43;7,49;7,53;7,53
31.07.2018;7,78;7,62;7,49;7,49;7,5;7,53;7,53
30.07.2018;7,73;7,61;7,47;7,48;7,48;7,51;7,5
27.07.2018;7,44;7,41;7,4;7,41;7,41;7,43;7,39
26.07.2018;7,33;7,33;7,36;7,38;7,4;7,43;7,39
25.07.2018;7,26;7,33;7,36;7,38;7,4;7,43;7,39
24.07.2018;7,18;7,34;7,36;7,39;7,41;7,43;7,39
23.07.2018;7,34;7,36;7,37;7,39;7,41;7,43;7,39
20.07.2018;7,39;7,4;7,38;7,41;7,43;7,43;7,41
19.07.2018;7,42;7,43;7,42;7,43;7,45;7,45;7,41
18.07.2018;7,43;7,43;7,43;7,43;7,45;7,46;7,41
17.07.2018;7,43;7,44;7,43;7,43;7,45;7,45;7,41
16.07.2018;7,43;7,42;7,4;7,41;7,41;7,43;7,41
13.07.2018;7,34;7,36;7,36;7,39;7,41;7,43;7,41
12.07.2018;7,34;7,34;7,33;7,38;7,4;7,43;7,4
11.07.2018;7,28;7,31;7,32;7,38;7,4;7,43;7,4
10.07.2018;7,22;7,28;7,32;7,38;7,38;7,42;7,38
09.07.2018;7,25;7,3;7,33;7,38;7,38;7,39;7,37
06.07.2018;7,25;7,3;7,33;7,39;7,39;7,41;7,38
05.07.2018;7,23;7,29;7,32;7,4;7,4;7,42;7,38
04.07.2018;7,21;7,29;7,3;7,38;7,41;7,42;7,38
03.07.2018;7,23;7,31;7,34;7,39;7,41;7,41;7,38
02.07.2018;7,29;7,33;7,37;7,42;7,42;7,43;7,39
29.06.2018;7,38;7,38;7,38;7,43;7,46;7,47;7,41
28.06.2018;7,38;7,38;7,35;7,39;7,43;7,43;7,4
27.06.2018;7,44;7,43;7,38;7,43;7,44;7,46;7,38
26.06.2018;7,43;7,41;7,36;7,43;7,44;7,46;7,39
25.06.2018;7,29;7,31;7,32;7,39;7,43;7,43;7,4
22.06.2018;7,24;7,28;7,32;7,41;7,41;7,42;7,38
21.06.2018;7,22;7,27;7,32;7,39;7,39;7,42;7,38
20.06.2018;7,27;7,3;7,32;7,38;7,39;7,42;7,38
19.06.2018;7,24;7,29;7,31;7,37;7,41;7,43;7,38
18.06.2018;7,25;7,29;7,31;7,37;7,4;7,43;7,37
15.06.2018;7,25;7,29;7,32;7,38;7,39;7,41;7,38
14.06.2018;7,27;7,3;7,33;7,4;7,43;7,44;7,39
13.06.2018;7,25;7,3;7,32;7,4;7,43;7,44;7,39
11.06.2018;—;—;—;—;—;—;—
09.06.2018;7,28;7,29;7,31;7,38;7,43;7,44;7,38
08.06.2018;7,25;7,29;7,31;7,38;7,43;7,44;7,38
07.06.2018;7,25;7,29;7,31;7,38;7,43;7,44;7,38
06.06.2018;7,25;7,29;7,31;7,38;7,43;7,44;7,37
05.06.2018;7,2;7,29;7,31;7,36;7,41;7,43;7,35
04.06.2018;7,26;7,3;7,33;7,37;7,42;7,43;7,35
01.06.2018;7,33;7,33;7,35;7,38;7,43;7,43;7,36
31.05.2018;7,35;7,37;7,38;7,39;7,43;7,43;7,36
30.05.2018;7,33;7,35;7,36;7,37;7,43;7,44;7,36
29.05.2018;7,31;7,33;7,35;7,36;7,43;7,44;7,36
28.05.2018;7,29;7,33;7,34;7,36;7,42;7,43;7,36
25.05.2018;7,3;7,31;7,32;7,35;7,39;7,42;7,36
24.05.2018;7,28;7,31;7,32;7,35;7,39;7,42;7,36
23.05.2018;7,32;7,34;7,34;7,35;7,39;7,42;7,36
22.05.2018;7,34;7,36;7,36;7,35;7,38;7,42;7,36
21.05.2018;7,34;7,36;7,36;7,35;7,38;7,42;7,36
18.05.2018;7,36;7,36;7,36;7,35;7,38;7,41;7,37
17.05.2018;7,33;7,33;7,32;7,36;7,38;7,42;7,38
16.05.2018;7,29;7,28;7,29;7,34;7,36;7,38;7,36
15.05.2018;7,22;7,24;7,3;7,34;7,35;7,35;7,35
14.05.2018;7,24;7,25;7,29;7,34;7,35;7,35;7,35
11.05.2018;7,16;7,25;7,29;7,35;7,35;7,35;7,35
10.05.2018;7,18;7,24;7,28;7,36;7,36;7,36;7,35
08.05.2018;6,87;7,26;7,28;7,35;7,35;7,35;7,35
07.05.2018;7,3;7,29;7,32;7,37;7,37;7,37;7,35
04.05.2018;7,3;7,3;7,32;7,38;7,38;7,38;7,35
03.05.2018;7,34;7,31;7,32;7,38;7,39;7,39;7,35
02.05.2018;—;—;—;—;—;—;—
30.04.2018;—;—;—;—;—;—;—
28.04.2018;7,28;7,32;7,31;7,38;7,38;7,38;7,35
27.04.2018;7,26;7,3;7,29;7,38;7,38;7,38;7,35
26.04.2018;7,19;7,25;7,27;7,38;7,38;7,38;7,35
25.04.2018;7,15;7,26;7,28;7,38;7,38;7,38;7,36
24.04.2018;7,22;7,29;7,31;7,38;7,38;7,38;7,39
23.04.2018;7,26;7,31;7,33;7,39;7,4;7,39;7,4
20.04.2018;7,33;7,33;7,34;7,42;7,43;7,43;7,4
19.04.2018;7,35;7,34;7,35;7,45;7,45;7,46;7,41
18.04.2018;7,33;7,33;7,34;7,44;7,45;7,46;7,41
17.04.2018;7,31;7,3;7,3;7,42;7,43;7,45;7,4
16.04.2018;7,3;7,31;7,3;7,41;7,42;7,43;7,38
13.04.2018;7,33;7,33;7,3;7,41;7,41;7,41;7,38
12.04.2018;7,33;7,35;7,32;7,4;7,39;7,39;7,36
11.04.2018;7,29;7,34;7,32;7,38;7,34;7,34;7,33
10.04.2018;7,29;7,33;7,33;7,35;7,29;7,32;7,31
09.04.2018;7,25;7,3;7,31;7,33;7,28;7,29;7,28
06.04.2018;7,23;7,27;7,28;7,32;7,28;7,28;7,28
05.04.2018;7,19;7,27;7,29;7,33;7,29;7,29;7,29
04.04.2018;7,26;7,28;7,29;7,35;7,29;7,29;7,29
03.04.2018;7,33;7,32;7,32;7,35;7,29;7,29;7,29
02.04.2018;7,31;7,32;7,32;7,34;7,29;7,29;7,29
30.03.2018;7,31;7,3;7,3;7,31;7,29;7,28;7,28
29.03.2018;7,3;7,29;7,29;7,31;7,29;7,28;7,28
28.03.2018;7,29;7,28;7,29;7,3;7,29;7,28;7,28
27.03.2018;7,29;7,27;7,29;7,28;7,28;7,27;7,28
26.03.2018;7,29;7,31;7,31;7,28;7,29;7,28;7,29
23.03.2018;7,35;7,39;7,39;7,38;7,37;7,34;7,34
22.03.2018;7,5;7,43;7,43;7,41;7,39;7,37;7,36
21.03.2018;7,5;7,44;7,45;7,43;7,39;7,37;7,36
20.03.2018;7,53;7,51;7,49;7,48;7,4;7,36;7,34
19.03.2018;7,54;7,53;7,53;7,52;7,41;7,38;7,36
16.03.2018;7,52;7,5;7,55;7,54;7,43;7,41;7,39
15.03.2018;7,51;7,5;7,55;7,54;7,43;7,41;7,39
14.03.2018;7,54;7,52;7,58;7,55;7,44;7,41;7,39
13.03.2018;7,54;7,53;7,58;7,55;7,44;7,41;7,4
12.03.2018;7,52;7,54;7,59;7,54;7,44;7,41;7,39
09.03.2018;—;—;—;—;—;—;—
07.03.2018;7,55;7,58;7,58;7,52;7,43;7,39;7,38
06.03.2018;7,57;7,57;7,58;7,54;7,44;7,4;7,38
05.03.2018;7,59;7,62;7,6;7,54;7,44;7,41;7,39
02.03.2018;7,63;7,63;7,58;7,54;7,44;7,41;7,38
01.03.2018;7,63;7,63;7,58;7,54;7,43;7,41;7,38
28.02.2018;7,61;7,62;7,56;7,56;7,41;7,38;7,35
27.02.2018;7,56;7,59;7,54;7,53;7,4;7,38;7,35
26.02.2018;7,56;7,58;7,51;7,48;7,39;7,38;7,35
22.02.2018;7,52;7,53;7,48;7,45;7,39;7,38;7,35
21.02.2018;7,53;7,52;7,48;7,44;7,4;7,38;7,35
20.02.2018;7,51;7,48;7,47;7,42;7,39;7,38;7,36
19.02.2018;7,46;7,43;7,43;7,42;7,41;7,4;7,39
16.02.2018;7,39;7,38;7,38;7,4;7,41;7,42;7,41
15.02.2018;7,31;7,35;7,34;7,36;7,38;7,41;7,38
14.02.2018;7,26;7,32;7,32;7,35;7,36;7,38;7,33
13.02.2018;7,18;7,29;7,32;7,36;7,38;7,38;7,35
12.02.2018;7,21;7,32;7,34;7,4;7,43;7,44;7,43
09.02.2018;7,44;7,43;7,47;7,52;7,53;7,54;7,55
08.02.2018;7,46;7,48;7,49;7,54;7,56;7,58;7,58
07.02.2018;7,49;7,53;7,55;7,59;7,6;7,63;7,63
06.02.2018;7,53;7,53;7,56;7,61;7,62;7,65;7,63
05.02.2018;7,5;7,53;7,55;7,61;7,63;7,67;7,63
02.02.2018;7,52;7,58;7,59;7,66;7,66;7,68;7,67
01.02.2018;7,56;7,61;7,6;7,68;7,68;7,69;7,68
31.01.2018;7,53;7,58;7,61;7,68;7,68;7,7;7,68
30.01.2018;7,57;7,59;7,61;7,68;7,68;7,7;7,68
29.01.2018;7,52;7,58;7,62;7,68;7,68;7,71;7,68
26.01.2018;7,48;7,59;7,63;7,7;7,71;7,73;7,7
25.01.2018;7,38;7,58;7,63;7,7;7,72;7,73;7,7
24.01.2018;7,36;7,58;7,64;7,72;7,73;7,74;7,72
23.01.2018;7,39;7,61;7,68;7,73;7,73;7,74;7,72
22.01.2018;7,4;7,62;7,69;7,76;7,76;7,77;7,73
19.01.2018;7,42;7,67;7,73;7,78;7,81;7,8;7,77
18.01.2018;7,38;7,68;7,74;7,79;7,83;7,8;7,78
17.01.2018;7,35;7,68;7,74;7,79;7,83;7,82;7,78
16.01.2018;7,36;7,68;7,76;7,81;7,85;7,84;7,8
15.01.2018;7,38;7,7;7,78;7,82;7,86;7,85;7,81
12.01.2018;7,42;7,69;7,77;7,81;7,84;7,84;7,81
11.01.2018;7,5;7,73;7,78;7,82;7,87;7,86;7,83
10.01.2018;7,53;7,76;7,78;7,82;7,86;7,87;7,83
09.01.2018;7,72;7,78;7,79;7,84;7,86;7,88;7,84
05.01.2018;—;—;—;—;—;—;—
04.01.2018;—;—;—;—;—;—;—
03.01.2018;—;—;—;—;—;—;—
29.12.2017;7,82;7,69;7,75;7,84;7,87;7,88;7,84
28.12.2017;7,82;7,85;7,84;7,86;7,88;7,88;7,84
27.12.2017;7,98;7,98;7,93;7,91;7,92;7,9;7,87
26.12.2017;7,98;7,98;7,94;7,91;7,92;7,9;7,87
25.12.2017;7,98;7,95;7,93;7,91;7,92;7,9;7,87
22.12.2017;7,89;7,91;7,91;7,9;7,92;7,9;7,87
21.12.2017;7,88;7,91;7,91;7,9;7,92;7,89;7,87
20.12.2017;7,9;7,91;7,91;7,9;7,9;7,87;7,87
19.12.2017;7,93;7,91;7,91;7,9;7,9;7,88;7,88
18.12.2017;7,92;7,96;7,99;7,95;7,98;7,96;7,96
15.12.2017;8,26;8,26;8,28;8,28;8,31;8,31;8,27
14.12.2017;8,21;8,24;8,29;8,33;8,33;8,33;8,29
13.12.2017;8,24;8,31;8,33;8,36;8,35;8,35;8,33
12.12.2017;8,26;8,33;8,33;8,36;8,35;8,35;8,33
11.12.2017;8,37;8,34;8,34;8,37;8,35;8,35;8,33
08.12.2017;8,4;8,41;8,38;8,38;8,35;8,35;8,33
07.12.2017;8,42;8,39;8,39;8,38;8,35;8,35;8,33
06.12.2017;8,44;8,4;8,38;8,38;8,35;8,35;8,33
05.12.2017;8,27;8,34;8,34;8,38;8,35;8,36;8,36
04.12.2017;8,35;8,37;8,37;8,38;8,35;8,36;8,36
01.12.2017;8,4;8,39;8,39;8,38;8,36;8,36;8,36
30.11.2017;8,45;8,38;8,38;8,38;8,36;8,36;8,34
29.11.2017;8,47;8,39;8,38;8,37;8,36;8,36;8,36
28.11.2017;8,39;8,35;8,36;8,36;8,36;8,36;8,36
27.11.2017;8,33;8,31;8,33;8,36;8,36;8,36;8,36
24.11.2017;8,3;8,32;8,33;8,36;8,36;8,36;8,35
23.11.2017;8,29;8,31;8,33;8,36;8,36;8,36;8,35
22.11.2017;8,3;8,31;8,33;8,36;8,36;8,36;8,35
21.11.2017;8,29;8,31;8,33;8,36;8,36;8,36;8,35
20.11.2017;8,28;8,31;8,33;8,36;8,36;8,36;8,35
17.11.2017;8,27;8,31;8,33;8,36;8,36;8,36;8,34
16.11.2017;8,3;8,33;8,34;8,37;8,37;8,37;8,34
15.11.2017;8,25;8,3;8,32;8,36;8,36;8,36;8,34
14.11.2017;8,23;8,28;8,3;8,36;8,36;8,36;8,34
13.11.2017;8,22;8,27;8,3;8,36;8,36;8,35;8,33
10.11.2017;8,2;8,26;8,29;8,36;8,36;8,35;8,33
09.11.2017;8,18;8,26;8,29;8,36;8,36;8,36;8,33
08.11.2017;8,1;8,27;8,31;8,36;8,36;8,37;8,33
07.11.2017;8,12;8,31;8,33;8,37;8,37;8,38;8,34
03.11.2017;8,33;8,36;8,36;8,37;8,37;8,38;8,34
02.11.2017;8,37;8,34;8,34;8,37;8,37;8,38;8,35
01.11.2017;8,33;8,32;8,31;8,35;8,37;8,38;8,35
31.10.2017;8,3;8,31;8,3;8,34;8,36;8,38;8,35
30.10.2017;8,24;8,28;8,29;8,34;8,35;8,4;8,38
27.10.2017;8,26;8,28;8,3;8,4;8,43;8,5;8,49
26.10.2017;8,27;8,32;8,33;8,43;8,49;8,54;8,53
25.10.2017;8,25;8,33;8,33;8,43;8,49;8,54;8,53
24.10.2017;8,22;8,35;8,35;8,45;8,5;8,54;8,53
23.10.2017;8,3;8,4;8,42;8,48;8,54;8,56;8,54
20.10.2017;8,16;8,33;8,39;8,48;8,53;8,55;8,54
19.10.2017;8,21;8,38;8,44;8,52;8,55;8,58;8,57
18.10.2017;8,28;8,43;8,5;8,59;8,62;8,63;8,61
17.10.2017;8,5;8,53;8,56;8,62;8,65;8,65;8,61
16.10.2017;8,5;8,52;8,53;8,59;8,65;8,65;8,61
13.10.2017;8,48;8,49;8,52;8,57;8,62;8,63;8,61
12.10.2017;8,4;8,48;8,53;8,57;8,63;8,63;8,61
11.10.2017;8,3;8,53;8,57;8,66;8,68;8,65;8,59
10.10.2017;8,52;8,59;8,6;8,68;8,68;8,65;8,59
09.10.2017;8,56;8,58;8,58;8,68;8,68;8,65;8,59
06.10.2017;8,44;8,49;8,54;8,66;8,68;8,65;8,59
05.10.2017;8,29;8,47;8,55;8,67;8,68;8,66;8,59
04.10.2017;8,44;8,54;8,59;8,68;8,69;8,67;8,6
03.10.2017;8,59;8,65;8,65;8,68;8,69;8,69;8,64
02.10.2017;8,65;8,64;8,64;8,67;8,69;8,69;8,64
29.09.2017;8,7;8,66;8,63;8,66;8,69;8,69;8,64
28.09.2017;8,65;8,59;8,58;8,65;8,68;8,68;8,63
27.09.2017;8,42;8,53;8,54;8,63;8,68;8,69;8,63
26.09.2017;8,35;8,53;8,54;8,63;8,68;8,69;8,63
25.09.2017;8,4;8,53;8,55;8,65;8,68;8,7;8,65
22.09.2017;8,37;8,55;8,57;8,68;8,68;8,7;8,65
21.09.2017;8,37;8,53;8,55;8,68;8,68;8,7;8,65
20.09.2017;8,38;8,53;8,55;8,68;8,68;8,7;8,65
19.09.2017;8,38;8,56;8,58;8,68;8,68;8,71;8,66
18.09.2017;8,42;8,6;8,63;8,69;8,72;8,76;8,69
15.09.2017;8,82;8,78;8,8;8,87;8,88;8,9;8,81
14.09.2017;8,72;8,75;8,78;8,88;8,9;8,91;8,81
13.09.2017;8,62;8,74;8,8;8,89;8,93;8,92;8,83
12.09.2017;8,65;8,87;8,9;8,97;8,98;8,98;8,9
11.09.2017;8,69;8,88;8,94;9;8,99;9,01;8,96
08.09.2017;8,7;8,9;8,97;9,03;9,03;9,03;8,98
07.09.2017;8,83;8,99;9,03;9,07;9,07;9,06;9
06.09.2017;8,91;9,06;9,05;9,1;9,09;9,1;9
05.09.2017;9;9,08;9,08;9,11;9,1;9,11;9
04.09.2017;9,05;9,05;9,07;9,11;9,1;9,11;9
01.09.2017;8,93;9,04;9,08;9,12;9,11;9,12;9
31.08.2017;8,86;9,03;9,07;9,11;9,11;9,12;9
30.08.2017;8,8;9,03;9,07;9,1;9,11;9,11;9
29.08.2017;8,78;9,01;9,05;9,08;9,12;9,12;9
28.08.2017;8,75;9;9,05;9,11;9,13;9,13;8,98
25.08.2017;8,73;9,01;9,06;9,13;9,14;9,13;9
24.08.2017;8,7;9,02;9,06;9,13;9,15;9,13;9,01
23.08.2017;8,83;9,05;9,07;9,13;9,16;9,13;9,03
22.08.2017;8,87;9,05;9,07;9,13;9,17;9,13;9,03
21.08.2017;8,85;9,05;9,07;9,16;9,18;9,14;9,03
18.08.2017;8,85;9,03;9,07;9,18;9,2;9,14;9,03
17.08.2017;8,86;9,02;9,08;9,18;9,2;9,15;9,03
16.08.2017;8,82;9,01;9,08;9,18;9,21;9,18;9,03
15.08.2017;8,62;8,98;9,07;9,16;9,21;9,18;9,03
14.08.2017;8,6;8,96;9,06;9,15;9,2;9,18;9,03
11.08.2017;8,68;9,03;9,12;9,18;9,21;9,19;9,03
10.08.2017;8,93;9,13;9,16;9,22;9,21;9,19;9,03
09.08.2017;8,99;9,11;9,17;9,22;9,22;9,19;9,03
08.08.2017;8,55;8,93;9,13;9,19;9,22;9,2;9,04
07.08.2017;8,62;8,94;9,15;9,21;9,23;9,2;9,04
04.08.2017;8,8;9,03;9,17;9,22;9,23;9,22;9,04
03.08.2017;9,15;9,19;9,24;9,26;9,25;9,23;9,07
02.08.2017;9,22;9,23;9,24;9,26;9,25;9,23;9,07
01.08.2017;9,29;9,3;9,29;9,26;9,24;9,21;9,07
31.07.2017;9,33;9,28;9,25;9,24;9,23;9,21;9,07
28.07.2017;9,31;9,24;9,22;9,22;9,2;9,21;9,07
27.07.2017;9,26;9,23;9,21;9,22;9,2;9,21;9,07
26.07.2017;9,21;9,21;9,19;9,22;9,2;9,2;9,07
25.07.2017;9,17;9,19;9,19;9,22;9,2;9,2;9,07
24.07.2017;9,18;9,21;9,19;9,22;9,22;9,21;9,07
21.07.2017;9,24;9,23;9,2;9,23;9,23;9,21;9,07
20.07.2017;9,23;9,23;9,2;9,23;9,23;9,21;9,07
19.07.2017;9,2;9,23;9,2;9,23;9,23;9,21;9,07
18.07.2017;9,23;9,23;9,2;9,23;9,23;9,21;9,07
17.07.2017;9,21;9,23;9,2;9,23;9,23;9,21;9,08
14.07.2017;9,17;9,2;9,21;9,24;9,23;9,22;9,14
13.07.2017;9,15;9,19;9,21;9,23;9,23;9,22;9,14
12.07.2017;9,13;9,2;9,22;9,23;9,23;9,22;9,14
11.07.2017;8,97;9,18;9,21;9,23;9,23;9,21;9,13
10.07.2017;9,17;9,23;9,24;9,26;9,24;9,22;9,14
07.07.2017;9,25;9,24;9,24;9,26;9,24;9,22;9,14
06.07.2017;9,26;9,24;9,24;9,26;9,24;9,22;9,14
05.07.2017;9,26;9,23;9,24;9,26;9,23;9,22;9,13
04.07.2017;9,24;9,23;9,25;9,27;9,24;9,21;9,14
03.07.2017;9,35;9,28;9,28;9,28;9,23;9,22;9,14
30.06.2017;9,38;9,31;9,28;9,3;9,25;9,23;9,13
29.06.2017;9,28;9,3;9,24;9,28;9,25;9,23;9,12
28.06.2017;9,25;9,23;9,23;9,27;9,23;9,23;9,12
27.06.2017;9,18;9,21;9,2;9,24;9,22;9,23;9,11
26.06.2017;9,08;9,13;9,16;9,23;9,19;9,19;9,08
23.06.2017;8,96;9,13;9,15;9,23;9,18;9,18;9,08
22.06.2017;9,11;9,17;9,18;9,24;9,19;9,19;9,08
21.06.2017;9,17;9,2;9,21;9,24;9,2;9,19;9,08
20.06.2017;9,2;9,22;9,21;9,24;9,21;9,18;9,08
19.06.2017;9,2;9,24;9,23;9,23;9,19;9,18;9,1
16.06.2017;9,36;9,27;9,24;9,22;9,23;9,23;9,19
15.06.2017;9,33;9,28;9,25;9,23;9,24;9,24;9,21
14.06.2017;9,28;9,29;9,28;9,27;9,28;9,28;9,23
13.06.2017;9,28;9,29;9,28;9,27;9,28;9,28;9,25
09.06.2017;9,27;9,31;9,28;9,27;9,28;9,28;9,26
08.06.2017;9,33;9,35;9,3;9,28;9,29;9,29;9,27
07.06.2017;9,38;9,4;9,38;9,36;9,37;9,36;9,3
06.06.2017;9,5;9,38;9,36;9,36;9,37;9,36;9,3
05.06.2017;9,33;9,3;9,33;9,35;9,35;9,34;9,3
02.06.2017;9,3;9,31;9,33;9,38;9,38;9,36;9,33
01.06.2017;9,3;9,33;9,34;9,43;9,44;9,45;9,45
31.05.2017;9,27;9,33;9,34;9,43;9,44;9,45;9,45
30.05.2017;9,28;9,33;9,34;9,43;9,44;9,45;9,45
29.05.2017;9,27;9,32;9,33;9,43;9,44;9,45;9,45
26.05.2017;9,27;9,32;9,33;9,43;9,44;9,46;9,45
25.05.2017;9,25;9,3;9,34;9,44;9,46;9,48;9,45
24.05.2017;9,21;9,31;9,37;9,44;9,46;9,48;9,45
23.05.2017;9,25;9,33;9,39;9,43;9,45;9,45;9,47
22.05.2017;9,26;9,33;9,38;9,43;9,46;9,46;9,47
19.05.2017;9,23;9,29;9,34;9,45;9,48;9,49;9,45
18.05.2017;9,23;9,28;9,34;9,45;9,48;9,5;9,46
17.05.2017;9,22;9,29;9,35;9,45;9,49;9,53;9,48
16.05.2017;9,23;9,3;9,36;9,47;9,5;9,54;9,48
15.05.2017;9,31;9,38;9,42;9,49;9,52;9,57;9,49
12.05.2017;9,28;9,41;9,43;9,51;9,53;9,58;9,49
11.05.2017;9,34;9,43;9,45;9,53;9,53;9,58;9,49
10.05.2017;9,52;9,53;9,53;9,58;9,56;9,6;9,49
05.05.2017;9,59;9,52;9,53;9,58;9,57;9,6;9,48
04.05.2017;9,61;9,56;9,53;9,58;9,57;9,57;9,47
03.05.2017;9,49;9,5;9,49;9,56;9,56;9,53;9,46
02.05.2017;9,45;9,52;9,53;9,6;9,6;9,57;9,5
28.04.2017;9,8;9,77;9,73;9,78;9,8;9,81;9,71
27.04.2017;9,78;9,78;9,73;9,78;9,8;9,81;9,71
26.04.2017;9,79;9,8;9,73;9,78;9,8;9,82;9,71
25.04.2017;9,83;9,81;9,73;9,79;9,81;9,83;9,73
24.04.2017;9,79;9,83;9,76;9,84;9,87;9,88;9,8
21.04.2017;9,84;9,88;9,84;9,92;9,96;9,98;9,88
20.04.2017;9,86;9,93;9,93;9,95;9,99;10,03;9,96
19.04.2017;9,86;9,93;9,93;9,92;9,97;9,97;9,93
18.04.2017;9,88;9,95;9,95;9,94;9,98;9,98;9,93
17.04.2017;9,88;9,96;9,96;9,97;10;10,02;9,94
14.04.2017;9,93;9,98;10,01;10,03;10,11;10,14;10,01
13.04.2017;9,9;9,94;10;10,03;10,11;10,14;10,01
12.04.2017;9,83;9,88;9,94;10,04;10,12;10,14;10,01
11.04.2017;9,63;9,75;9,88;10,03;10,14;10,16;10,03
10.04.2017;9,67;9,77;9,9;10,07;10,18;10,2;10,08
07.04.2017;9,61;9,75;9,93;10,08;10,18;10,2;10,09
06.04.2017;9,63;9,79;9,97;10,1;10,18;10,2;10,09
05.04.2017;9,95;10,01;10,09;10,14;10,18;10,2;10,09
04.04.2017;10,08;10,09;10,12;10,16;10,19;10,2;10,08
03.04.2017;10,1;10,09;10,11;10,17;10,19;10,2;10,09
31.03.2017;10,18;10,17;10,15;10,18;10,19;10,21;10,1
30.03.2017;10,23;10,18;10,16;10,18;10,19;10,21;10,1
29.03.2017;10,13;10,16;10,14;10,18;10,2;10,21;10,1
28.03.2017;10,06;10,08;10,1;10,17;10,2;10,21;10,1
27.03.2017;10,03;10,08;10,1;10,18;10,22;10,22;10,11
24.03.2017;10,07;10,15;10,18;10,27;10,3;10,25;10,18
23.03.2017;10,18;10,18;10,2;10,29;10,31;10,27;10,22
22.03.2017;10,21;10,24;10,25;10,35;10,35;10,36;10,34
21.03.2017;10,23;10,25;10,27;10,36;10,36;10,37;10,35
20.03.2017;10,21;10,24;10,27;10,37;10,37;10,38;10,37
17.03.2017;10,22;10,28;10,34;10,41;10,41;10,43;10,43
16.03.2017;10,21;10,28;10,34;10,41;10,42;10,43;10,43
15.03.2017;10,23;10,29;10,35;10,42;10,43;10,43;10,43
14.03.2017;10,23;10,28;10,34;10,41;10,43;10,43;10,43
13.03.2017;10,18;10,26;10,3;10,42;10,43;10,43;10,43
10.03.2017;10,16;10,23;10,28;10,43;10,43;10,44;10,44
09.03.2017;10,16;10,22;10,29;10,43;10,44;10,44;10,45
07.03.2017;9,98;10,17;10,34;10,43;10,44;10,44;10,45
06.03.2017;10,09;10,24;10,38;10,43;10,44;10,44;10,45
03.03.2017;10,13;10,25;10,36;10,43;10,44;10,44;10,45
02.03.2017;10,2;10,28;10,37;10,43;10,45;10,45;10,46
01.03.2017;10,27;10,33;10,41;10,44;10,46;10,46;10,48
28.02.2017;10,26;10,33;10,43;10,45;10,47;10,47;10,48
27.02.2017;10,38;10,43;10,48;10,48;10,49;10,49;10,48
22.02.2017;10,36;10,43;10,47;10,49;10,5;10,5;10,48
21.02.2017;10,41;10,44;10,48;10,49;10,5;10,5;10,48
20.02.2017;10,43;10,46;10,48;10,49;10,5;10,5;10,48
17.02.2017;10,42;10,46;10,49;10,49;10,5;10,5;10,5
16.02.2017;10,49;10,47;10,48;10,48;10,5;10,5;10,5
15.02.2017;10,41;10,41;10,44;10,47;10,5;10,5;10,5
14.02.2017;10,39;10,41;10,43;10,48;10,5;10,5;10,5
13.02.2017;10,42;10,43;10,46;10,49;10,51;10,5;10,5
10.02.2017;10,39;10,4;10,43;10,48;10,5;10,5;10,49
09.02.2017;10,38;10,37;10,39;10,46;10,48;10,48;10,48
08.02.2017;10,32;10,31;10,34;10,41;10,41;10,41;10,41
07.02.2017;10,03;10,21;10,28;10,38;10,42;10,43;10,43
06.02.2017;10,2;10,38;10,39;10,44;10,48;10,49;10,51
03.02.2017;10,25;10,38;10,4;10,45;10,48;10,49;10,51
02.02.2017;10,32;10,38;10,41;10,46;10,49;10,51;10,51
01.02.2017;10,36;10,4;10,42;10,46;10,49;10,51;10,51
31.01.2017;10,35;10,41;10,43;10,47;10,49;10,51;10,51
30.01.2017;10,41;10,47;10,44;10,49;10,49;10,52;10,52
27.01.2017;10,48;10,48;10,46;10,49;10,49;10,52;10,52
26.01.2017;10,44;10,47;10,46;10,48;10,49;10,52;10,52
25.01.2017;10,23;10,42;10,43;10,46;10,49;10,5;10,5
24.01.2017;10,15;10,41;10,43;10,46;10,49;10,5;10,5
23.01.2017;10,23;10,43;10,44;10,46;10,49;10,5;10,5
20.01.2017;10,3;10,46;10,49;10,46;10,49;10,5;10,5
19.01.2017;10,43;10,48;10,48;10,46;10,49;10,5;10,5
18.01.2017;10,38;10,42;10,44;10,46;10,49;10,5;10,5
17.01.2017;10,37;10,42;10,44;10,46;10,49;10,5;10,5
16.01.2017;10,32;10,42;10,44;10,47;10,51;10,52;10,52
13.01.2017;10,27;10,4;10,45;10,51;10,58;10,59;10,59
12.01.2017;10,23;10,42;10,48;10,53;10,59;10,59;10,59
11.01.2017;10,23;10,4;10,48;10,53;10,59;10,59;10,59
10.01.2017;10,21;10,4;10,48;10,53;10,59;10,59;10,59
09.01.2017;10,46;10,44;10,47;10,52;10,58;10,58;10,58
30.12.2016;10,37;10,38;10,41;10,43;10,49;10,49;10,49
29.12.2016;10,37;10,4;10,43;10,44;10,5;10,5;10,49
28.12.2016;10,45;10,44;10,47;10,49;10,55;10,55;10,51
27.12.2016;10,35;10,4;10,43;10,49;10,57;10,57;10,53
26.12.2016;10,34;10,41;10,43;10,48;10,56;10,56;10,52
23.12.2016;10,32;10,4;10,43;10,44;10,48;10,49;10,49
22.12.2016;10,33;10,41;10,44;10,46;10,5;10,51;10,52
21.12.2016;10,4;10,46;10,51;10,55;10,62;10,62;10,63
20.12.2016;10,38;10,47;10,52;10,56;10,64;10,65;10,64
19.12.2016;10,36;10,47;10,53;10,59;10,62;10,64;10,64
16.12.2016;10,33;10,44;10,53;10,59;10,62;10,64;10,64
15.12.2016;10,32;10,46;10,53;10,59;10,62;10,64;10,64
14.12.2016;10,35;10,51;10,53;10,61;10,62;10,64;10,64
13.12.2016;10,4;10,52;10,54;10,61;10,62;10,64;10,64
12.12.2016;10,48;10,51;10,54;10,61;10,62;10,64;10,64
09.12.2016;10,46;10,51;10,54;10,61;10,62;10,63;10,64
08.12.2016;10,45;10,51;10,54;10,58;10,6;10,62;10,63
07.12.2016;10,4;10,5;10,53;10,59;10,6;10,62;10,63
06.12.2016;10,44;10,5;10,52;10,59;10,6;10,62;10,63
05.12.2016;10,41;10,44;10,48;10,58;10,6;10,62;10,63
02.12.2016;10,33;10,43;10,48;10,59;10,6;10,62;10,62
01.12.2016;10,33;10,45;10,52;10,63;10,6;10,6;10,59
30.11.2016;10,38;10,48;10,53;10,63;10,6;10,6;10,59
29.11.2016;10,49;10,53;10,57;10,65;10,62;10,62;10,61
28.11.2016;10,51;10,49;10,5;10,58;10,6;10,62;10,62
25.11.2016;10,35;10,43;10,46;10,58;10,6;10,62;10,62
24.11.2016;10,38;10,43;10,46;10,58;10,6;10,62;10,62
23.11.2016;10,33;10,43;10,46;10,58;10,6;10,62;10,62
22.11.2016;10,33;10,43;10,47;10,58;10,6;10,62;10,62
21.11.2016;10,34;10,43;10,47;10,58;10,6;10,62;10,62
18.11.2016;10,3;10,41;10,46;10,58;10,6;10,62;10,62
17.11.2016;10,33;10,36;10,41;10,57;10,59;10,61;10,6
16.11.2016;10,27;10,29;10,33;10,48;10,55;10,55;10,5
15.11.2016;10,28;10,31;10,33;10,48;10,55;10,55;10,5
14.11.2016;10,24;10,28;10,3;10,48;10,55;10,55;10,5
11.11.2016;10,23;10,32;10,38;10,48;10,55;10,55;10,5
10.11.2016;10,19;10,28;10,37;10,48;10,55;10,55;10,5
09.11.2016;10,11;10,2;10,32;10,46;10,55;10,55;10,5
08.11.2016;9,67;10,08;10,23;10,43;10,55;10,55;10,52
07.11.2016;9,67;10,09;10,25;10,48;10,56;10,56;10,53
03.11.2016;9,77;10,14;10,32;10,54;10,58;10,58;10,58
02.11.2016;9,93;10,33;10,44;10,62;10,61;10,62;10,62
01.11.2016;10,5;10,54;10,56;10,63;10,62;10,63;10,63
31.10.2016;10,54;10,55;10,57;10,63;10,63;10,63;10,62
28.10.2016;10,52;10,53;10,56;10,6;10,6;10,6;10,59
27.10.2016;10,53;10,53;10,55;10,59;10,59;10,59;10,59
26.10.2016;10,53;10,53;10,55;10,59;10,59;10,59;10,59
25.10.2016;10,56;10,53;10,55;10,59;10,59;10,59;10,59
24.10.2016;10,53;10,54;10,56;10,59;10,58;10,58;10,58
21.10.2016;10,57;10,55;10,57;10,6;10,59;10,59;10,58
20.10.2016;10,58;10,56;10,58;10,61;10,59;10,58;10,58
19.10.2016;10,59;10,57;10,58;10,61;10,59;10,58;10,58
18.10.2016;10,58;10,56;10,58;10,61;10,59;10,58;10,58
17.10.2016;10,56;10,55;10,56;10,61;10,58;10,58;10,58
14.10.2016;10,66;10,58;10,55;10,61;10,58;10,58;10,58
13.10.2016;10,63;10,58;10,55;10,61;10,58;10,58;10,58
12.10.2016;10,62;10,55;10,54;10,59;10,57;10,59;10,58
11.10.2016;10,6;10,5;10,5;10,53;10,48;10,54;10,5
10.10.2016;10,54;10,48;10,48;10,51;10,46;10,52;10,49
07.10.2016;10,48;10,43;10,46;10,49;10,46;10,53;10,48
06.10.2016;10,39;10,38;10,43;10,47;10,46;10,53;10,46
05.10.2016;10,33;10,32;10,36;10,43;10,47;10,54;10,48
04.10.2016;10,35;10,33;10,4;10,48;10,52;10,58;10,56
03.10.2016;10,21;10,36;10,41;10,48;10,51;10,56;10,56
30.09.2016;10,46;10,47;10,45;10,5;10,53;10,57;10,57
29.09.2016;10,36;10,4;10,43;10,48;10,52;10,57;10,56
28.09.2016;10,27;10,32;10,38;10,43;10,49;10,58;10,56
27.09.2016;10,19;10,31;10,38;10,42;10,49;10,57;10,57
26.09.2016;10,16;10,31;10,38;10,44;10,51;10,6;10,57
23.09.2016;10,06;10,25;10,34;10,46;10,46;10,56;10,51
22.09.2016;10,13;10,27;10,34;10,47;10,47;10,56;10,52
21.09.2016;10,21;10,28;10,38;10,48;10,49;10,56;10,53
20.09.2016;10,3;10,34;10,42;10,48;10,48;10,54;10,51
19.09.2016;10,37;10,42;10,47;10,48;10,48;10,53;10,49
16.09.2016;10,79;10,61;10,62;10,59;10,55;10,56;10,49
15.09.2016;10,73;10,66;10,61;10,59;10,57;10,58;10,51
14.09.2016;10,6;10,63;10,62;10,59;10,57;10,59;10,52
13.09.2016;10,58;10,62;10,66;10,61;10,58;10,59;10,54
12.09.2016;10,52;10,61;10,64;10,6;10,6;10,6;10,55
09.09.2016;10,53;10,62;10,65;10,61;10,61;10,61;10,57
08.09.2016;10,54;10,63;10,68;10,65;10,63;10,66;10,63
07.09.2016;10,55;10,63;10,68;10,65;10,63;10,68;10,64
06.09.2016;10,56;10,63;10,7;10,68;10,66;10,74;10,71
05.09.2016;10,55;10,63;10,7;10,7;10,68;10,77;10,74
02.09.2016;10,57;10,64;10,71;10,73;10,74;10,86;10,83
01.09.2016;10,56;10,64;10,71;10,74;10,76;10,83;10,85
31.08.2016;10,57;10,64;10,71;10,75;10,78;10,83;10,85
30.08.2016;10,57;10,65;10,71;10,75;10,78;10,83;10,86
29.08.2016;10,59;10,68;10,71;10,78;10,8;10,86;10,88
26.08.2016;10,59;10,66;10,7;10,78;10,8;10,88;10,87
25.08.2016;10,51;10,63;10,7;10,78;10,8;10,88;10,88
24.08.2016;10,43;10,63;10,7;10,78;10,81;10,89;10,88
23.08.2016;10,5;10,63;10,7;10,78;10,8;10,88;10,88
22.08.2016;10,56;10,65;10,71;10,78;10,81;10,89;10,89
19.08.2016;10,56;10,65;10,71;10,78;10,81;10,89;10,89
18.08.2016;10,57;10,65;10,71;10,78;10,81;10,89;10,89
17.08.2016;10,56;10,65;10,71;10,78;10,81;10,89;10,89
16.08.2016;10,54;10,64;10,71;10,78;10,81;10,89;10,89
15.08.2016;10,56;10,64;10,7;10,78;10,81;10,89;10,89
12.08.2016;10,54;10,63;10,7;10,78;10,81;10,89;10,9
11.08.2016;10,53;10,63;10,71;10,78;10,81;10,89;10,92
10.08.2016;10,53;10,63;10,73;10,78;10,81;10,9;10,93
09.08.2016;10,54;10,65;10,73;10,78;10,81;10,9;10,93
08.08.2016;10,53;10,65;10,73;10,78;10,81;10,9;10,93
05.08.2016;10,54;10,65;10,73;10,78;10,81;10,9;10,93
04.08.2016;10,53;10,64;10,73;10,78;10,81;10,9;10,93
03.08.2016;10,47;10,58;10,72;10,78;10,81;10,9;10,93
02.08.2016;10,41;10,58;10,71;10,77;10,81;10,9;10,93
01.08.2016;10,5;10,62;10,72;10,77;10,81;10,9;10,94
29.07.2016;10,58;10,63;10,73;10,78;10,82;10,91;11
28.07.2016;10,64;10,73;10,74;10,78;10,83;10,93;11
27.07.2016;10,64;10,73;10,74;10,78;10,85;10,96;11
26.07.2016;10,68;10,73;10,73;10,78;10,85;10,96;11
25.07.2016;10,59;10,68;10,73;10,76;10,85;10,96;11
22.07.2016;10,58;10,72;10,77;10,76;10,85;10,97;11
21.07.2016;10,62;10,74;10,78;10,76;10,85;10,96;11
20.07.2016;10,65;10,76;10,78;10,75;10,85;10,94;10,99
19.07.2016;10,6;10,68;10,72;10,75;10,85;10,94;11
18.07.2016;10,55;10,68;10,71;10,75;10,85;10,94;11
15.07.2016;10,52;10,65;10,69;10,74;10,85;10,94;11
14.07.2016;10,53;10,65;10,7;10,76;10,86;10,96;11
13.07.2016;10,53;10,65;10,7;10,76;10,86;10,96;11
12.07.2016;10,52;10,65;10,7;10,76;10,86;10,96;11
11.07.2016;10,46;10,63;10,69;10,76;10,83;10,94;10,99
08.07.2016;10,51;10,63;10,69;10,76;10,84;10,94;11
07.07.2016;10,56;10,63;10,68;10,76;10,85;10,96;11,05
06.07.2016;10,46;10,56;10,66;10,76;10,85;10,96;11,05
05.07.2016;10,41;10,56;10,66;10,75;10,83;10,95;11,06
04.07.2016;10,51;10,6;10,68;10,76;10,84;10,96;11,08
01.07.2016;10,48;10,61;10,69;10,76;10,85;10,97;11,08
30.06.2016;10,55;10,63;10,69;10,76;10,88;10,99;11,08
29.06.2016;10,61;10,66;10,7;10,76;10,88;11;11,08
28.06.2016;10,63;10,66;10,71;10,76;10,88;11;11,08
27.06.2016;10,49;10,57;10,68;10,76;10,89;11;11,09
24.06.2016;10,43;10,58;10,68;10,77;10,93;10,99;11,08
23.06.2016;10,47;10,59;10,68;10,78;10,94;11;11,1
22.06.2016;10,49;10,6;10,69;10,78;10,94;11,03;11,13
21.06.2016;10,49;10,6;10,69;10,78;10,94;11,03;11,13
20.06.2016;10,51;10,61;10,7;10,78;10,95;11,03;11,13
17.06.2016;10,48;10,61;10,7;10,78;10,95;11,03;11,13
16.06.2016;10,53;10,61;10,69;10,82;10,98;11,05;11,16
15.06.2016;10,53;10,62;10,71;10,89;11,05;11,1;11,18
14.06.2016;10,6;10,72;10,83;10,97;11,13;11,16;11,23
10.06.2016;11;11,09;11,18;11,32;11,37;11,39;11,44
09.06.2016;11,12;11,21;11,23;11,35;11,4;11,41;11,46
08.06.2016;11,14;11,23;11,24;11,38;11,42;11,44;11,49
07.06.2016;11,04;11,17;11,26;11,39;11,41;11,44;11,49
06.06.2016;11,18;11,33;11,36;11,45;11,4;11,45;11,49
03.06.2016;11,36;11,41;11,41;11,48;11,41;11,44;11,51
02.06.2016;11,41;11,4;11,4;11,47;11,4;11,44;11,51
01.06.2016;11,41;11,39;11,4;11,44;11,4;11,44;11,51
31.05.2016;11,37;11,34;11,38;11,45;11,4;11,43;11,51
30.05.2016;11,37;11,35;11,39;11,43;11,38;11,42;11,51
27.05.2016;11,35;11,35;11,38;11,43;11,37;11,42;11,51
26.05.2016;11,36;11,34;11,38;11,43;11,37;11,42;11,51
25.05.2016;11,46;11,38;11,38;11,44;11,37;11,42;11,51
24.05.2016;11,38;11,32;11,33;11,39;11,37;11,42;11,51
23.05.2016;11,29;11,28;11,27;11,33;11,36;11,4;11,49
20.05.2016;11,22;11,24;11,27;11,33;11,34;11,4;11,49
19.05.2016;11,2;11,24;11,27;11,34;11,36;11,4;11,5
18.05.2016;11,22;11,24;11,24;11,33;11,34;11,38;11,48
17.05.2016;11,24;11,24;11,24;11,33;11,34;11,38;11,48
16.05.2016;11,27;11,24;11,24;11,33;11,34;11,38;11,5
13.05.2016;11,14;11,16;11,2;11,32;11,34;11,4;11,51
12.05.2016;10,95;11;11,1;11,23;11,28;11,38;11,49
11.05.2016;10,67;10,92;11,07;11,24;11,28;11,38;11,51
10.05.2016;10,68;10,98;11,13;11,26;11,33;11,43;11,53
06.05.2016;10,9;11,05;11,15;11,33;11,41;11,48;11,59
05.05.2016;11,1;11,07;11,16;11,35;11,41;11,48;11,59
04.05.2016;11,08;11,05;11,14;11,36;11,42;11,48;11,6
29.04.2016;11,07;11,03;11,13;11,36;11,42;11,48;11,6
28.04.2016;10,95;11,03;11,12;11,34;11,42;11,48;11,61
27.04.2016;11,03;11,08;11,16;11,36;11,43;11,53;11,67
26.04.2016;11,03;11,08;11,18;11,38;11,48;11,6;11,73
25.04.2016;10,9;11,08;11,17;11,37;11,47;11,59;11,73
22.04.2016;10,79;11,04;11,14;11,34;11,44;11,56;11,73
21.04.2016;10,79;11,08;11,16;11,42;11,52;11,61;11,78
20.04.2016;11,14;11,17;11,25;11,54;11,63;11,71;11,91
19.04.2016;11,14;11,18;11,25;11,54;11,63;11,71;11,91
18.04.2016;11,13;11,19;11,26;11,53;11,63;11,71;11,91
15.04.2016;11,04;11,11;11,26;11,53;11,63;11,71;11,91
14.04.2016;10,96;11,11;11,25;11,53;11,62;11,7;11,9
13.04.2016;11;11,15;11,25;11,53;11,61;11,7;11,91
12.04.2016;10,98;11,15;11,25;11,53;11,61;11,7;11,93
11.04.2016;10,96;11,15;11,26;11,53;11,62;11,7;11,93
08.04.2016;11,02;11,18;11,28;11,55;11,63;11,7;11,93
07.04.2016;11,03;11,2;11,26;11,55;11,64;11,71;11,93
06.04.2016;11;11,17;11,27;11,55;11,64;11,72;11,94
05.04.2016;10,67;11,05;11,26;11,56;11,63;11,73;11,94
04.04.2016;11,06;11,19;11,37;11,61;11,7;11,79;11,98
01.04.2016;11,26;11,32;11,41;11,64;11,71;11,8;11,99
31.03.2016;11,33;11,34;11,41;11,64;11,71;11,8;11,99
30.03.2016;11,29;11,32;11,37;11,63;11,69;11,78;11,98
29.03.2016;11,26;11,29;11,31;11,59;11,68;11,76;11,98
28.03.2016;11,18;11,23;11,29;11,6;11,73;11,79;12
25.03.2016;11,12;11,21;11,29;11,56;11,68;11,78;12
24.03.2016;10,99;11,14;11,28;11,56;11,68;11,78;12
23.03.2016;11;11,14;11,28;11,57;11,69;11,78;12
22.03.2016;10,97;11,15;11,27;11,61;11,73;11,79;12
21.03.2016;11,03;11,16;11,28;11,61;11,73;11,79;11,99
18.03.2016;11,04;11,15;11,33;11,6;11,7;11,79;11,98
17.03.2016;11,08;11,18;11,33;11,63;11,74;11,81;12,03
16.03.2016;11,1;11,18;11,32;11,63;11,74;11,82;12,03
15.03.2016;11,09;11,15;11,3;11,63;11,74;11,83;12,03
14.03.2016;11,06;11,13;11,31;11,62;11,74;11,83;12,03
11.03.2016;11,03;11,13;11,28;11,63;11,74;11,83;12,03
10.03.2016;11,08;11,18;11,32;11,66;11,77;11,86;12,03
09.03.2016;11,08;11,22;11,38;11,7;11,78;11,9;12,05
07.03.2016;—;—;—;—;—;—;—
04.03.2016;11,1;11,23;11,38;11,71;11,79;11,91;12,06
03.03.2016;11,14;11,23;11,38;11,71;11,78;11,91;12,06
02.03.2016;11,13;11,23;11,36;11,71;11,78;11,92;12,07
01.03.2016;11,13;11,23;11,34;11,69;11,8;11,94;12,08
29.02.2016;11,11;11,25;11,35;11,71;11,8;11,94;12,08
26.02.2016;11,19;11,28;11,38;11,71;11,8;11,94;12,08
25.02.2016;11,23;11,28;11,38;11,71;11,8;11,94;12,08
24.02.2016;11,21;11,28;11,38;11,71;11,81;11,95;12,09
22.02.2016;—;—;—;—;—;—;—
20.02.2016;11,03;11,25;11,35;11,73;11,81;11,95;12,09
19.02.2016;11,13;11,27;11,36;11,73;11,81;11,95;12,09
18.02.2016;11,13;11,28;11,38;11,73;11,81;11,95;12,09
17.02.2016;11,15;11,26;11,39;11,73;11,83;11,96;12,1
16.02.2016;11,04;11,19;11,38;11,73;11,88;11,98;12,11
15.02.2016;11,03;11,2;11,38;11,73;11,88;11,97;12,1
12.02.2016;10,98;11,24;11,41;11,73;11,88;11,97;12,1
11.02.2016;11,06;11,29;11,44;11,72;11,87;11,97;12,09
10.02.2016;11,1;11,29;11,44;11,71;11,86;11,97;12,1
09.02.2016;10,73;11,15;11,38;11,69;11,86;11,97;12,08
08.02.2016;10,86;11,15;11,38;11,7;11,87;11,97;12,08
05.02.2016;11,23;11,28;11,43;11,73;11,88;11,97;12,09
04.02.2016;11,25;11,29;11,43;11,74;11,88;11,97;12,1
03.02.2016;11,25;11,28;11,43;11,74;11,88;11,97;12,1
02.02.2016;11,1;11,25;11,41;11,73;11,87;11,96;12,1
01.02.2016;11,25;11,4;11,53;11,75;11,88;11,97;12,1
